type,year,number
ukpga,1801,52
ukpga,1801,63
ukpga,1801,79
ukpga,1801,90
ukpga,1802,85
ukpga,1803,108
ukpga,1803,139
ukpga,1803,140
ukpga,1803,141
ukpga,1804,102
ukpga,1804,43
ukpga,1805,92
ukpga,1806,37
ukpga,1808,106
ukpga,1808,128
ukpga,1808,138
ukpga,1808,142
ukpga,1808,149
ukpga,1808,72
ukpga,1808,73
ukpga,1809,126
ukpga,1809,14
ukpga,1809,42
ukpga,1811,115
ukpga,1812,161
ukpga,1814,146
ukpga,1814,96
ukpga,1815,184
ukpga,1815,42
ukpga,1816,100
ukpga,1816,141
ukpga,1816,46
ukpga,1816,50
ukpga,1816,98
ukpga,1817,52
ukpga,1817,64
ukpga,1817,6
ukpga,1817,93
ukpga,1817,97
ukpga,1818,66
ukpga,1818,69
ukpga,1819,1
ukpga,1819,62
ukpga,1819,85
ukpga,1819,86
ukpga,1819,8
ukpga,1819,94
ukpga,1820,100
ukpga,1821,24
ukpga,1821,38
ukpga,1821,76
ukpga,1822,33
ukpga,1822,72
ukpga,1823,18
ukpga,1823,19
ukpga,1823,55
ukpga,1823,98
ukpga,1824,113
ukpga,1824,74
ukpga,1824,82
ukpga,1824,83
ukpga,1824,87
ukpga,1825,120
ukpga,1825,22
ukpga,1825,50
ukpga,1825,92
ukpga,1825,97
ukpga,1826,16
ukpga,1826,64
ukpga,1826,8
ukpga,1827,17
ukpga,1828,14
ukpga,1828,24
ukpga,1828,25
ukpga,1828,29
ukpga,1828,37
ukpga,1828,66
ukpga,1828,69
ukpga,1829,19
ukpga,1829,44
ukpga,1829,7
ukpga,1830,18
ukpga,1830,37
ukpga,1830,64
ukpga,1830,68
ukpga,1830,69
ukpga,1831,22
ukpga,1831,32
ukpga,1831,37
ukpga,1831,60
ukpga,1832,100
ukpga,1832,111
ukpga,1832,16
ukpga,1832,40
ukpga,1832,42
ukpga,1832,68
ukpga,1832,71
ukpga,1832,80
ukpga,1833,106
ukpga,1833,13
ukpga,1833,29
ukpga,1833,31
ukpga,1833,35
ukpga,1833,41
ukpga,1833,69
ukpga,1833,70
ukpga,1833,73
ukpga,1833,74
ukpga,1833,85
ukpga,1833,99
ukpga,1834,16
ukpga,1834,41
ukpga,1835,35
ukpga,1835,41
ukpga,1835,50
ukpga,1835,62
ukpga,1836,106
ukpga,1836,20
ukpga,1836,33
ukpga,1836,42
ukpga,1836,64
ukpga,1836,71
ukpga,1836,77
ukpga,1837,26
ukpga,1837,2
ukpga,1837,45
ukpga,1837,73
ukpga,1837,83
ukpga,1837,88
ukpga,1837,91
ukpga,1838,101
ukpga,1838,106
ukpga,1838,110
ukpga,1838,114
ukpga,1838,118
ukpga,1838,20
ukpga,1838,23
ukpga,1838,43
ukpga,1838,64
ukpga,1838,70
ukpga,1838,89
ukpga,1839,36
ukpga,1839,45
ukpga,1839,47
ukpga,1839,62
ukpga,1839,71
ukpga,1840,110
ukpga,1840,113
ukpga,1840,15
ukpga,1840,20
ukpga,1840,48
ukpga,1840,59
ukpga,1840,74
ukpga,1840,84
ukpga,1840,92
ukpga,1840,97
ukpga,1840,9
ukpga,1841,14
ukpga,1841,30
ukpga,1841,38
ukpga,1841,39
ukpga,1841,6
ukpga,1842,108
ukpga,1842,26
ukpga,1842,51
ukpga,1842,54
ukpga,1842,55
ukpga,1842,94
ukpga,1842,97
ukpga,1843,30
ukpga,1843,31
ukpga,1843,37
ukpga,1843,38
ukpga,1843,40
ukpga,1843,86
ukpga,1843,90
ukpga,1843,96
ukpga,1843,98
ukpga,1844,105
ukpga,1844,29
ukpga,1844,32
ukpga,1844,37
ukpga,1844,44
ukpga,1844,49
ukpga,1844,59
ukpga,1844,61
ukpga,1844,65
ukpga,1844,69
ukpga,1844,96
ukpga,1845,109
ukpga,1845,113
ukpga,1845,118
ukpga,1845,127
ukpga,1845,15
ukpga,1845,16
ukpga,1845,17
ukpga,1845,18
ukpga,1845,19
ukpga,1845,20
ukpga,1845,33
ukpga,1845,35
ukpga,1845,37
ukpga,1845,38
ukpga,1845,42
ukpga,1845,63
ukpga,1845,75
ukpga,1846,17
ukpga,1846,33
ukpga,1846,48
ukpga,1846,67
ukpga,1846,70
ukpga,1846,72
ukpga,1846,73
ukpga,1847,104
ukpga,1847,111
ukpga,1847,14
ukpga,1847,16
ukpga,1847,27
ukpga,1847,34
ukpga,1847,65
ukpga,1847,69
ukpga,1847,89
ukpga,1847,92
ukpga,1847,94
ukpga,1847,98
ukpga,1848,12
ukpga,1848,29
ukpga,1848,30
ukpga,1848,36
ukpga,1848,42
ukpga,1848,55
ukpga,1848,63
ukpga,1848,83
ukpga,1848,99
ukpga,1849,45
ukpga,1849,49
ukpga,1849,51
ukpga,1849,67
ukpga,1849,78
ukpga,1849,83
ukpga,1849,89
ukpga,1849,96
ukpga,1850,26
ukpga,1850,36
ukpga,1850,60
ukpga,1850,7
ukpga,1850,94
ukpga,1850,98
ukpga,1851,13
ukpga,1851,24
ukpga,1851,25
ukpga,1851,42
ukpga,1851,53
ukpga,1851,55
ukpga,1851,83
ukpga,1851,94
ukpga,1851,99
ukpga,1852,27
ukpga,1852,28
ukpga,1852,2
ukpga,1852,49
ukpga,1852,55
ukpga,1852,76
ukpga,1852,79
ukpga,1852,85
ukpga,1853,127
ukpga,1853,131
ukpga,1853,134
ukpga,1853,20
ukpga,1853,30
ukpga,1853,33
ukpga,1853,49
ukpga,1853,65
ukpga,1853,83
ukpga,1853,85
ukpga,1853,94
ukpga,1854,112
ukpga,1854,120
ukpga,1854,125
ukpga,1854,34
ukpga,1854,67
ukpga,1854,73
ukpga,1854,81
ukpga,1854,83
ukpga,1854,89
ukpga,1854,91
ukpga,1854,94
ukpga,1854,97
ukpga,1855,111
ukpga,1855,114
ukpga,1855,117
ukpga,1855,120
ukpga,1855,121
ukpga,1855,128
ukpga,1855,131
ukpga,1855,133
ukpga,1855,32
ukpga,1855,48
ukpga,1855,58
ukpga,1855,68
ukpga,1855,81
ukpga,1855,84
ukpga,1855,90
ukpga,1856,119
ukpga,1856,120
ukpga,1856,1
ukpga,1856,29
ukpga,1856,2
ukpga,1856,56
ukpga,1856,60
ukpga,1856,88
ukpga,1856,91
ukpga,1856,97
ukpga,1857,25
ukpga,1857,26
ukpga,1857,31
ukpga,1857,3
ukpga,1857,43
ukpga,1857,44
ukpga,1857,58
ukpga,1857,81
ukpga,1858,109
ukpga,1858,25
ukpga,1858,45
ukpga,1858,49
ukpga,1858,56
ukpga,1858,57
ukpga,1858,71
ukpga,1858,78
ukpga,1858,83
ukpga,1858,90
ukpga,1858,93
ukpga,1859,12
ukpga,1859,12
ukpga,1859,19
ukpga,1859,1
ukpga,1859,1
ukpga,1859,21
ukpga,1859,27
ukpga,1859,30
ukpga,1859,32
ukpga,1859,35
ukpga,1859,43
ukpga,1859,46
ukpga,1859,63
ukpga,1860,106
ukpga,1860,112
ukpga,1860,122
ukpga,1860,123
ukpga,1860,124
ukpga,1860,135
ukpga,1860,154
ukpga,1860,27
ukpga,1860,32
ukpga,1860,66
ukpga,1860,90
ukpga,1860,91
ukpga,1860,93
ukpga,1860,95
ukpga,1861,100
ukpga,1861,121
ukpga,1861,124
ukpga,1861,3
ukpga,1861,40
ukpga,1861,45
ukpga,1861,47
ukpga,1861,70
ukpga,1861,86
ukpga,1861,94
ukpga,1861,97
ukpga,1861,98
ukpga,1862,114
ukpga,1862,19
ukpga,1862,20
ukpga,1862,26
ukpga,1862,37
ukpga,1862,4
ukpga,1862,53
ukpga,1862,58
ukpga,1862,69
ukpga,1862,82
ukpga,1862,85
ukpga,1863,112
ukpga,1863,118
ukpga,1863,13
ukpga,1863,23
ukpga,1863,47
ukpga,1863,49
ukpga,1863,81
ukpga,1863,92
ukpga,1864,114
ukpga,1864,23
ukpga,1864,24
ukpga,1864,25
ukpga,1864,33
ukpga,1864,57
ukpga,1864,78
ukpga,1864,89
ukpga,1864,94
ukpga,1864,97
ukpga,1865,111
ukpga,1865,121
ukpga,1865,122
ukpga,1865,125
ukpga,1865,18
ukpga,1865,27
ukpga,1865,55
ukpga,1865,56
ukpga,1865,57
ukpga,1865,63
ukpga,1865,64
ukpga,1865,65
ukpga,1865,69
ukpga,1865,73
ukpga,1865,89
ukpga,1865,90
ukpga,1865,94
ukpga,1866,103
ukpga,1866,111
ukpga,1866,11
ukpga,1866,122
ukpga,1866,19
ukpga,1866,39
ukpga,1866,71
ukpga,1866,75
ukpga,1866,90
ukpga,1867,102
ukpga,1867,126
ukpga,1867,127
ukpga,1867,133
ukpga,1867,134
ukpga,1867,136
ukpga,1867,144
ukpga,1867,17
ukpga,1867,35
ukpga,1867,39
ukpga,1867,3
ukpga,1867,42
ukpga,1867,48
ukpga,1867,5
ukpga,1867,80
ukpga,1867,81
ukpga,1868,100
ukpga,1868,101
ukpga,1868,106
ukpga,1868,107
ukpga,1868,109
ukpga,1868,110
ukpga,1868,114
ukpga,1868,119
ukpga,1868,123
ukpga,1868,130
ukpga,1868,24
ukpga,1868,30
ukpga,1868,34
ukpga,1868,35
ukpga,1868,37
ukpga,1868,45
ukpga,1868,47
ukpga,1868,48
ukpga,1868,64
ukpga,1868,72
ukpga,1868,83
ukpga,1868,84
ukpga,1868,89
ukpga,1868,96
ukpga,1868,9
ukpga,1869,107
ukpga,1869,109
ukpga,1869,10
ukpga,1869,115
ukpga,1869,116
ukpga,1869,19
ukpga,1869,24
ukpga,1869,33
ukpga,1869,42
ukpga,1869,44
ukpga,1869,48
ukpga,1869,62
ukpga,1869,86
ukpga,1869,94
ukpga,1870,23
ukpga,1870,35
ukpga,1870,42
ukpga,1870,46
ukpga,1870,56
ukpga,1870,71
ukpga,1870,78
ukpga,1870,81
ukpga,1870,88
ukpga,1870,90
ukpga,1870,91
ukpga,1871,112
ukpga,1871,113
ukpga,1871,12
ukpga,1871,22
ukpga,1871,26
ukpga,1871,28
ukpga,1871,36
ukpga,1871,37
ukpga,1871,3
ukpga,1871,45
ukpga,1871,48
ukpga,1871,53
ukpga,1871,56
ukpga,1871,63
ukpga,1871,78
ukpga,1871,83
ukpga,1871,84
ukpga,1871,85
ukpga,1871,92
ukpga,1871,96
ukpga,1872,15
ukpga,1872,24
ukpga,1872,26
ukpga,1872,33
ukpga,1872,36
ukpga,1872,49
ukpga,1872,50
ukpga,1872,51
ukpga,1872,67
ukpga,1872,70
ukpga,1872,85
ukpga,1872,94
ukpga,1873,19
ukpga,1873,37
ukpga,1873,48
ukpga,1873,50
ukpga,1873,57
ukpga,1873,60
ukpga,1873,61
ukpga,1873,68
ukpga,1873,72
ukpga,1873,88
ukpga,1874,20
ukpga,1874,27
ukpga,1874,40
ukpga,1874,62
ukpga,1874,64
ukpga,1874,73
ukpga,1874,77
ukpga,1874,80
ukpga,1874,81
ukpga,1874,82
ukpga,1874,84
ukpga,1874,88
ukpga,1874,94
ukpga,1875,16
ukpga,1875,17
ukpga,1875,18
ukpga,1875,25
ukpga,1875,41
ukpga,1875,47
ukpga,1875,55
ukpga,1875,61
ukpga,1875,63
ukpga,1875,86
ukpga,1875,89
ukpga,1876,11
ukpga,1876,14
ukpga,1876,18
ukpga,1876,20
ukpga,1876,24
ukpga,1876,31
ukpga,1876,36
ukpga,1876,56
ukpga,1876,59
ukpga,1876,67
ukpga,1876,70
ukpga,1876,77
ukpga,1877,11
ukpga,1877,13
ukpga,1877,28
ukpga,1877,2
ukpga,1877,36
ukpga,1877,40
ukpga,1877,41
ukpga,1877,48
ukpga,1877,53
ukpga,1877,59
ukpga,1878,25
ukpga,1878,28
ukpga,1878,31
ukpga,1878,38
ukpga,1878,42
ukpga,1878,51
ukpga,1878,52
ukpga,1878,54
ukpga,1878,56
ukpga,1878,68
ukpga,1878,71
ukpga,1878,73
ukpga,1878,77
ukpga,1879,11
ukpga,1879,17
ukpga,1879,21
ukpga,1879,28
ukpga,1879,36
ukpga,1879,37
ukpga,1879,42
ukpga,1879,44
ukpga,1879,58
ukpga,1879,8
ukpga,1880,12
ukpga,1880,20
ukpga,1880,26
ukpga,1880,34
ukpga,1880,41
ukpga,1880,47
ukpga,1880,4
ukpga,1881,10
ukpga,1881,12
ukpga,1881,21
ukpga,1881,24
ukpga,1881,3
ukpga,1881,41
ukpga,1881,45
ukpga,1881,60
ukpga,1881,64
ukpga,1882,15
ukpga,1882,21
ukpga,1882,37
ukpga,1882,38
ukpga,1882,39
ukpga,1882,42
ukpga,1882,43
ukpga,1882,44
ukpga,1882,50
ukpga,1882,53
ukpga,1882,56
ukpga,1882,61
ukpga,1882,62
ukpga,1882,72
ukpga,1882,73
ukpga,1882,75
ukpga,1882,77
ukpga,1882,80
ukpga,1882,9
ukpga,1883,10
ukpga,1883,14
ukpga,1883,15
ukpga,1883,18
ukpga,1883,1
ukpga,1883,22
ukpga,1883,2
ukpga,1883,32
ukpga,1883,37
ukpga,1883,38
ukpga,1883,3
ukpga,1883,55
ukpga,1884,23
ukpga,1884,30
ukpga,1884,31
ukpga,1884,44
ukpga,1884,54
ukpga,1884,55
ukpga,1884,56
ukpga,1884,62
ukpga,1884,72
ukpga,1885,18
ukpga,1885,32
ukpga,1885,34
ukpga,1885,42
ukpga,1885,49
ukpga,1885,54
ukpga,1885,61
ukpga,1885,70
ukpga,1885,72
ukpga,1886,15
ukpga,1886,22
ukpga,1886,29
ukpga,1886,35
ukpga,1886,38
ukpga,1886,50
ukpga,1887,24
ukpga,1887,27
ukpga,1887,32
ukpga,1887,35
ukpga,1887,37
ukpga,1887,40
ukpga,1887,42
ukpga,1887,43
ukpga,1887,45
ukpga,1887,52
ukpga,1887,54
ukpga,1887,55
ukpga,1887,59
ukpga,1887,65
ukpga,1887,67
ukpga,1887,69
ukpga,1887,70
ukpga,1887,71
ukpga,1888,12
ukpga,1888,1
ukpga,1888,21
ukpga,1888,25
ukpga,1888,2
ukpga,1888,41
ukpga,1888,45
ukpga,1888,48
ukpga,1888,56
ukpga,1888,59
ukpga,1888,64
ukpga,1888,6
ukpga,1888,8
ukpga,1889,10
ukpga,1889,14
ukpga,1889,16
ukpga,1889,30
ukpga,1889,32
ukpga,1889,36
ukpga,1889,39
ukpga,1889,42
ukpga,1889,44
ukpga,1889,45
ukpga,1889,53
ukpga,1889,54
ukpga,1889,55
ukpga,1889,57
ukpga,1889,63
ukpga,1889,69
ukpga,1889,6
ukpga,1889,72
ukpga,1890,21
ukpga,1890,25
ukpga,1890,27
ukpga,1890,2
ukpga,1890,35
ukpga,1890,36
ukpga,1890,37
ukpga,1890,39
ukpga,1890,40
ukpga,1890,53
ukpga,1890,59
ukpga,1890,69
ukpga,1891,16
ukpga,1891,24
ukpga,1891,35
ukpga,1891,37
ukpga,1891,38
ukpga,1891,39
ukpga,1891,3
ukpga,1891,40
ukpga,1891,41
ukpga,1891,43
ukpga,1891,50
ukpga,1891,51
ukpga,1891,53
ukpga,1891,69
ukpga,1891,70
ukpga,1891,8
ukpga,1891,9
ukpga,1892,17
ukpga,1892,23
ukpga,1892,29
ukpga,1892,31
ukpga,1892,35
ukpga,1892,36
ukpga,1892,39
ukpga,1892,43
ukpga,1892,48
ukpga,1892,4
ukpga,1892,54
ukpga,1892,57
ukpga,1892,58
ukpga,1892,64
ukpga,1892,6
ukpga,1892,8
ukpga,1892,9
ukpga,1893,17
ukpga,1893,20
ukpga,1893,39
ukpga,1893,44
ukpga,1893,53
ukpga,1893,57
ukpga,1893,5
ukpga,1893,63
ukpga,1893,71
ukpga,1893,7
ukpga,1894,13
ukpga,1894,23
ukpga,1894,28
ukpga,1894,2
ukpga,1894,34
ukpga,1894,36
ukpga,1894,39
ukpga,1894,40
ukpga,1894,43
ukpga,1894,44
ukpga,1894,45
ukpga,1894,46
ukpga,1894,58
ukpga,1894,60
ukpga,1894,73
ukpga,1895,12
ukpga,1895,14
ukpga,1895,16
ukpga,1895,19
ukpga,1895,21
ukpga,1895,24
ukpga,1895,32
ukpga,1895,34
ukpga,1895,44
ukpga,1895,9
ukpga,1896,14
ukpga,1896,25
ukpga,1896,27
ukpga,1896,35
ukpga,1896,44
ukpga,1896,45
ukpga,1896,48
ukpga,1896,8
ukpga,1897,12
ukpga,1897,13
ukpga,1897,14
ukpga,1897,21
ukpga,1897,26
ukpga,1897,30
ukpga,1897,31
ukpga,1897,33
ukpga,1897,38
ukpga,1897,44
ukpga,1897,53
ukpga,1897,56
ukpga,1897,59
ukpga,1897,63
ukpga,1897,6
ukpga,1898,10
ukpga,1898,11
ukpga,1898,16
ukpga,1898,29
ukpga,1898,35
ukpga,1898,36
ukpga,1898,44
ukpga,1898,46
ukpga,1898,48
ukpga,1898,53
ukpga,1898,60
ukpga,1899,20
ukpga,1899,26
ukpga,1899,30
ukpga,1899,38
ukpga,1899,46
ukpga,1899,9
ukpga,1900,12
ukpga,1900,14
ukpga,1900,20
ukpga,1900,27
ukpga,1900,32
ukpga,1900,55
ukpga,1900,56
ukpga,1900,7
ukpga,1901,11
ukpga,1901,27
ukpga,1901,5
ukpga,1901,7
ukpga,1902,14
ukpga,1902,18
ukpga,1902,23
ukpga,1902,25
ukpga,1902,28
ukpga,1902,29
ukpga,1902,37
ukpga,1902,41
ukpga,1902,7
ukpga,1902,8
ukpga,1903,20
ukpga,1903,30
ukpga,1903,31
ukpga,1903,37
ukpga,1903,46
ukpga,1903,47
ukpga,1904,11
ukpga,1904,12
ukpga,1904,7
ukpga,1905,11
ukpga,1905,12
ukpga,1905,13
ukpga,1905,23
ukpga,1905,3
ukpga,1906,14
ukpga,1906,21
ukpga,1906,25
ukpga,1906,28
ukpga,1906,32
ukpga,1906,34
ukpga,1906,35
ukpga,1906,39
ukpga,1906,40
ukpga,1906,41
ukpga,1906,48
ukpga,1906,50
ukpga,1906,53
ukpga,1906,55
ukpga,1906,57
ukpga,1906,5
ukpga,1907,13
ukpga,1907,16
ukpga,1907,17
ukpga,1907,18
ukpga,1907,24
ukpga,1907,29
ukpga,1907,30
ukpga,1907,40
ukpga,1907,51
ukpga,1907,53
ukpga,1907,55
ukpga,1908,16
ukpga,1908,36
ukpga,1908,44
ukpga,1908,48
ukpga,1908,50
ukpga,1908,51
ukpga,1908,53
ukpga,1908,57
ukpga,1908,59
ukpga,1908,66
ukpga,1908,67
ukpga,1908,69
ukpga,1909,12
ukpga,1909,15
ukpga,1909,30
ukpga,1909,34
ukpga,1909,40
ukpga,1909,43
ukpga,1909,47
ukpga,1910,29
ukpga,1910,8
ukpga,1911,13
ukpga,1911,17
ukpga,1911,18
ukpga,1911,20
ukpga,1911,27
ukpga,1911,28
ukpga,1911,34
ukpga,1911,46
ukpga,1911,49
ukpga,1911,57
ukpga,1911,6
ukpga,1912,10
ukpga,1912,14
ukpga,1912,19
ukpga,1913,16
ukpga,1913,27
ukpga,1913,28
ukpga,1913,30
ukpga,1913,37
ukpga,1914,12
ukpga,1914,13
ukpga,1914,17
ukpga,1914,18
ukpga,1914,1
ukpga,1914,29
ukpga,1914,30
ukpga,1914,43
ukpga,1914,44
ukpga,1914,47
ukpga,1914,48
ukpga,1914,4
ukpga,1914,58
ukpga,1914,59
ukpga,1914,61
ukpga,1914,90
ukpga,1914,91
ukpga,1915,28
ukpga,1915,32
ukpga,1915,40
ukpga,1915,44
ukpga,1915,45
ukpga,1915,46
ukpga,1915,48
ukpga,1915,57
ukpga,1915,60
ukpga,1915,64
ukpga,1915,83
ukpga,1915,89
ukpga,1915,90
ukpga,1915,92
ukpga,1916,104
ukpga,1916,12
ukpga,1916,15
ukpga,1916,21
ukpga,1916,24
ukpga,1916,2
ukpga,1916,31
ukpga,1916,38
ukpga,1916,39
ukpga,1916,50
ukpga,1916,51
ukpga,1916,58
ukpga,1916,60
ukpga,1916,63
ukpga,1916,64
ukpga,1916,65
ukpga,1917,14
ukpga,1917,21
ukpga,1917,31
ukpga,1917,47
ukpga,1917,48
ukpga,1917,51
ukpga,1917,55
ukpga,1917,8
ukpga,1918,13
ukpga,1918,26
ukpga,1918,38
ukpga,1918,39
ukpga,1918,47
ukpga,1918,53
ukpga,1918,54
ukpga,1918,57
ukpga,1918,58
ukpga,1918,64
ukpga,1918,66
ukpga,1919,20
ukpga,1919,21
ukpga,1919,23
ukpga,1919,31
ukpga,1919,35
ukpga,1919,48
ukpga,1919,50
ukpga,1919,53
ukpga,1919,57
ukpga,1919,59
ukpga,1919,62
ukpga,1919,65
ukpga,1919,68
ukpga,1919,69
ukpga,1919,71
ukpga,1919,72
ukpga,1919,75
ukpga,1919,76
ukpga,1919,89
ukpga,1919,91
ukpga,1919,92
ukpga,1919,97
ukpga,1920,16
ukpga,1920,18
ukpga,1920,23
ukpga,1920,24
ukpga,1920,2
ukpga,1920,33
ukpga,1920,34
ukpga,1920,39
ukpga,1920,41
ukpga,1920,43
ukpga,1920,50
ukpga,1920,51
ukpga,1920,55
ukpga,1920,56
ukpga,1920,65
ukpga,1920,67
ukpga,1920,72
ukpga,1920,75
ukpga,1920,79
ukpga,1920,81
ukpga,1921,14
ukpga,1921,20
ukpga,1921,22
ukpga,1921,28
ukpga,1921,29
ukpga,1921,32
ukpga,1921,35
ukpga,1921,39
ukpga,1921,49
ukpga,1921,52
ukpga,1921,55
ukpga,1921,58
ukpga,1921,7
ukpga,1922,16
ukpga,1922,24
ukpga,1922,2
ukpga,1922,31
ukpga,1922,35
ukpga,1922,44
ukpga,1922,46
ukpga,1922,51
ukpga,1922,52
ukpga,1922,55
ukpga,1923,11
ukpga,1923,15
ukpga,1923,17
ukpga,1923,18
ukpga,1923,20
ukpga,1923,27
ukpga,1923,33
ukpga,1923,34
ukpga,1923,4
ukpga,1923,8
ukpga,1924,20
ukpga,1924,21
ukpga,1924,27
ukpga,1924,5
ukpga,1925,18
ukpga,1925,19
ukpga,1925,20
ukpga,1925,21
ukpga,1925,22
ukpga,1925,23
ukpga,1925,24
ukpga,1925,28
ukpga,1925,33
ukpga,1925,34
ukpga,1925,36
ukpga,1925,37
ukpga,1925,38
ukpga,1925,42
ukpga,1925,44
ukpga,1925,61
ukpga,1925,68
ukpga,1925,71
ukpga,1925,72
ukpga,1925,73
ukpga,1925,85
ukpga,1925,86
ukpga,1925,87
ukpga,1925,88
ukpga,1925,90
ukpga,1926,11
ukpga,1926,14
ukpga,1926,15
ukpga,1926,16
ukpga,1926,18
ukpga,1926,21
ukpga,1926,26
ukpga,1926,28
ukpga,1926,29
ukpga,1926,35
ukpga,1926,36
ukpga,1926,39
ukpga,1926,45
ukpga,1926,47
ukpga,1926,48
ukpga,1926,50
ukpga,1926,51
ukpga,1926,52
ukpga,1926,59
ukpga,1926,60
ukpga,1926,61
ukpga,1926,7
ukpga,1927,10
ukpga,1927,12
ukpga,1927,23
ukpga,1927,27
ukpga,1927,35
ukpga,1927,36
ukpga,1927,41
ukpga,1927,43
ukpga,1927,4
ukpga,1928,13
ukpga,1928,15
ukpga,1928,17
ukpga,1928,19
ukpga,1928,21
ukpga,1928,24
ukpga,1928,32
ukpga,1928,34
ukpga,1928,35
ukpga,1928,43
ukpga,1928,44
ukpga,1928,6
ukpga,1929,13
ukpga,1929,14
ukpga,1929,17
ukpga,1929,25
ukpga,1929,28
ukpga,1929,29
ukpga,1929,34
ukpga,1929,5
ukpga,1929,9
ukpga,1930,20
ukpga,1930,24
ukpga,1930,25
ukpga,1930,28
ukpga,1930,39
ukpga,1930,43
ukpga,1931,12
ukpga,1931,24
ukpga,1931,27
ukpga,1931,28
ukpga,1931,33
ukpga,1931,40
ukpga,1931,41
ukpga,1931,44
ukpga,1931,49
ukpga,1931,4
ukpga,1931,7
ukpga,1931,9
ukpga,1932,11
ukpga,1932,12
ukpga,1932,20
ukpga,1932,25
ukpga,1932,26
ukpga,1932,27
ukpga,1932,29
ukpga,1932,34
ukpga,1932,35
ukpga,1932,45
ukpga,1932,48
ukpga,1932,51
ukpga,1932,9
ukpga,1933,12
ukpga,1933,13
ukpga,1933,14
ukpga,1933,17
ukpga,1933,19
ukpga,1933,20
ukpga,1933,2
ukpga,1933,35
ukpga,1933,36
ukpga,1933,41
ukpga,1933,44
ukpga,1933,49
ukpga,1933,4
ukpga,1933,50
ukpga,1933,53
ukpga,1933,6
ukpga,1934,16
ukpga,1934,18
ukpga,1934,20
ukpga,1934,21
ukpga,1934,22
ukpga,1934,32
ukpga,1934,36
ukpga,1934,40
ukpga,1934,41
ukpga,1934,43
ukpga,1934,49
ukpga,1934,50
ukpga,1934,56
ukpga,1934,58
ukpga,1935,11
ukpga,1935,20
ukpga,1935,21
ukpga,1935,24
ukpga,1935,2
ukpga,1935,30
ukpga,1935,3
ukpga,1935,47
ukpga,1936,15
ukpga,1936,17
ukpga,1936,22
ukpga,1936,26
ukpga,1936,27
ukpga,1936,39
ukpga,1936,3
ukpga,1936,43
ukpga,1936,47
ukpga,1936,48
ukpga,1936,49
ukpga,1936,51
ukpga,1936,52
ukpga,1936,5
ukpga,1936,6
ukpga,1937,12
ukpga,1937,15
ukpga,1937,16
ukpga,1937,28
ukpga,1937,32
ukpga,1937,33
ukpga,1937,34
ukpga,1937,37
ukpga,1937,40
ukpga,1937,43
ukpga,1937,46
ukpga,1937,48
ukpga,1937,54
ukpga,1937,59
ukpga,1937,67
ukpga,1938,12
ukpga,1938,13
ukpga,1938,17
ukpga,1938,22
ukpga,1938,24
ukpga,1938,28
ukpga,1938,30
ukpga,1938,31
ukpga,1938,34
ukpga,1938,36
ukpga,1938,39
ukpga,1938,51
ukpga,1938,52
ukpga,1938,54
ukpga,1938,57
ukpga,1938,66
ukpga,1938,70
ukpga,1938,73
ukpga,1939,100
ukpga,1939,102
ukpga,1939,103
ukpga,1939,107
ukpga,1939,117
ukpga,1939,120
ukpga,1939,121
ukpga,1939,13
ukpga,1939,20
ukpga,1939,22
ukpga,1939,31
ukpga,1939,33
ukpga,1939,41
ukpga,1939,43
ukpga,1939,44
ukpga,1939,49
ukpga,1939,51
ukpga,1939,65
ukpga,1939,69
ukpga,1939,71
ukpga,1939,72
ukpga,1939,75
ukpga,1939,80
ukpga,1939,82
ukpga,1939,83
ukpga,1939,89
ukpga,1939,96
ukpga,1940,14
ukpga,1940,26
ukpga,1940,28
ukpga,1940,29
ukpga,1940,31
ukpga,1940,34
ukpga,1940,36
ukpga,1940,42
ukpga,1940,50
ukpga,1940,51
ukpga,1941,12
ukpga,1941,13
ukpga,1941,40
ukpga,1941,41
ukpga,1941,50
ukpga,1942,13
ukpga,1942,17
ukpga,1942,21
ukpga,1942,23
ukpga,1942,26
ukpga,1942,31
ukpga,1942,35
ukpga,1942,40
ukpga,1942,8
ukpga,1943,12
ukpga,1943,14
ukpga,1943,16
ukpga,1943,18
ukpga,1943,25
ukpga,1943,38
ukpga,1943,39
ukpga,1943,40
ukpga,1943,42
ukpga,1943,48
ukpga,1943,9
ukpga,1944,10
ukpga,1944,16
ukpga,1944,22
ukpga,1944,23
ukpga,1944,25
ukpga,1944,26
ukpga,1944,28
ukpga,1944,31
ukpga,1944,5
ukpga,1944,7
ukpga,1945,10
ukpga,1945,12
ukpga,1945,13
ukpga,1945,15
ukpga,1945,16
ukpga,1945,17
ukpga,1945,18
ukpga,1945,18
ukpga,1945,19
ukpga,1945,27
ukpga,1945,28
ukpga,1945,37
ukpga,1945,42
ukpga,1945,43
ukpga,1945,44
ukpga,1945,7
ukpga,1946,27
ukpga,1946,29
ukpga,1946,30
ukpga,1946,35
ukpga,1946,36
ukpga,1946,38
ukpga,1946,40
ukpga,1946,41
ukpga,1946,45
ukpga,1946,49
ukpga,1946,50
ukpga,1946,52
ukpga,1946,54
ukpga,1946,58
ukpga,1946,59
ukpga,1946,63
ukpga,1946,64
ukpga,1946,68
ukpga,1946,73
ukpga,1946,74
ukpga,1946,80
ukpga,1946,81
ukpga,1946,82
ukpga,1947,10
ukpga,1947,11
ukpga,1947,14
ukpga,1947,19
ukpga,1947,21
ukpga,1947,22
ukpga,1947,23
ukpga,1947,24
ukpga,1947,27
ukpga,1947,2
ukpga,1947,30
ukpga,1947,33
ukpga,1947,35
ukpga,1947,37
ukpga,1947,39
ukpga,1947,40
ukpga,1947,41
ukpga,1947,42
ukpga,1947,43
ukpga,1947,44
ukpga,1947,46
ukpga,1947,47
ukpga,1947,48
ukpga,1947,49
ukpga,1947,51
ukpga,1947,53
ukpga,1947,54
ukpga,1947,5
ukpga,1947,7
ukpga,1947,8
ukpga,1948,17
ukpga,1948,1
ukpga,1948,21
ukpga,1948,22
ukpga,1948,23
ukpga,1948,26
ukpga,1948,29
ukpga,1948,33
ukpga,1948,36
ukpga,1948,37
ukpga,1948,38
ukpga,1948,39
ukpga,1948,40
ukpga,1948,41
ukpga,1948,44
ukpga,1948,45
ukpga,1948,47
ukpga,1948,49
ukpga,1948,4
ukpga,1948,53
ukpga,1948,55
ukpga,1948,56
ukpga,1948,57
ukpga,1948,58
ukpga,1948,59
ukpga,1948,5
ukpga,1948,62
ukpga,1948,63
ukpga,1948,64
ukpga,1948,65
ukpga,1948,67
ukpga,1949,100
ukpga,1949,101
ukpga,1949,103
ukpga,1949,11
ukpga,1949,12
ukpga,1949,13
ukpga,1949,15
ukpga,1949,16
ukpga,1949,18
ukpga,1949,20
ukpga,1949,22
ukpga,1949,25
ukpga,1949,27
ukpga,1949,29
ukpga,1949,30
ukpga,1949,31
ukpga,1949,32
ukpga,1949,33
ukpga,1949,35
ukpga,1949,37
ukpga,1949,39
ukpga,1949,41
ukpga,1949,42
ukpga,1949,43
ukpga,1949,45
ukpga,1949,47
ukpga,1949,53
ukpga,1949,54
ukpga,1949,55
ukpga,1949,67
ukpga,1949,69
ukpga,1949,70
ukpga,1949,74
ukpga,1949,75
ukpga,1949,76
ukpga,1949,77
ukpga,1949,78
ukpga,1949,81
ukpga,1949,85
ukpga,1949,87
ukpga,1949,88
ukpga,1949,92
ukpga,1949,93
ukpga,1949,94
ukpga,1949,97
ukpga,1949,98
ukpga,1950,10
ukpga,1950,11
ukpga,1950,12
ukpga,1950,15
ukpga,1950,24
ukpga,1950,27
ukpga,1950,28
ukpga,1950,31
ukpga,1950,36
ukpga,1950,37
ukpga,1950,38
ukpga,1950,39
ukpga,1950,9
ukpga,1951,18
ukpga,1951,26
ukpga,1951,27
ukpga,1951,30
ukpga,1951,32
ukpga,1951,33
ukpga,1951,35
ukpga,1951,39
ukpga,1951,43
ukpga,1951,46
ukpga,1951,50
ukpga,1951,55
ukpga,1951,57
ukpga,1951,58
ukpga,1951,60
ukpga,1951,62
ukpga,1951,63
ukpga,1951,64
ukpga,1951,65
ukpga,1951,66
ukpga,1951,6
ukpga,1951,8
ukpga,1952,10
ukpga,1952,12
ukpga,1952,20
ukpga,1952,23
ukpga,1952,30
ukpga,1952,31
ukpga,1952,33
ukpga,1952,37
ukpga,1952,39
ukpga,1952,3
ukpga,1952,44
ukpga,1952,46
ukpga,1952,47
ukpga,1952,50
ukpga,1952,51
ukpga,1952,52
ukpga,1952,54
ukpga,1952,57
ukpga,1952,58
ukpga,1952,59
ukpga,1952,60
ukpga,1952,64
ukpga,1952,66
ukpga,1952,67
ukpga,1952,68
ukpga,1953,10
ukpga,1953,11
ukpga,1953,14
ukpga,1953,1
ukpga,1953,20
ukpga,1953,23
ukpga,1953,24
ukpga,1953,25
ukpga,1953,26
ukpga,1953,28
ukpga,1953,33
ukpga,1953,34
ukpga,1953,36
ukpga,1953,37
ukpga,1953,39
ukpga,1953,47
ukpga,1953,49
ukpga,1953,52
ukpga,1953,9
ukpga,1954,12
ukpga,1954,15
ukpga,1954,17
ukpga,1954,21
ukpga,1954,23
ukpga,1954,30
ukpga,1954,32
ukpga,1954,34
ukpga,1954,39
ukpga,1954,40
ukpga,1954,44
ukpga,1954,46
ukpga,1954,47
ukpga,1954,48
ukpga,1954,49
ukpga,1954,53
ukpga,1954,56
ukpga,1954,58
ukpga,1954,61
ukpga,1954,64
ukpga,1954,65
ukpga,1954,66
ukpga,1954,68
ukpga,1954,70
ukpga,1954,72
ukpga,1954,73
ukpga,1955,13
ukpga,1955,14
ukpga,1955,18
ukpga,1955,18
ukpga,1955,19
ukpga,1955,19
ukpga,1955,1
ukpga,1955,20
ukpga,1955,21
ukpga,1955,26
ukpga,1955,27
ukpga,1955,28
ukpga,1955,2
ukpga,1955,6
ukpga,1955,7
ukpga,1955,9
ukpga,1956,25
ukpga,1956,28
ukpga,1956,38
ukpga,1956,44
ukpga,1956,46
ukpga,1956,49
ukpga,1956,52
ukpga,1956,53
ukpga,1956,54
ukpga,1956,5
ukpga,1956,60
ukpga,1956,62
ukpga,1956,69
ukpga,1956,70
ukpga,1956,74
ukpga,1957,11
ukpga,1957,12
ukpga,1957,16
ukpga,1957,21
ukpga,1957,24
ukpga,1957,25
ukpga,1957,30
ukpga,1957,31
ukpga,1957,36
ukpga,1957,38
ukpga,1957,42
ukpga,1957,45
ukpga,1957,48
ukpga,1957,52
ukpga,1957,53
ukpga,1957,56
ukpga,1957,57
ukpga,1957,58
ukpga,1957,59
ukpga,1957,60
ukpga,1957,6
ukpga,1958,10
ukpga,1958,13
ukpga,1958,16
ukpga,1958,17
ukpga,1958,1
ukpga,1958,21
ukpga,1958,24
ukpga,1958,27
ukpga,1958,29
ukpga,1958,30
ukpga,1958,33
ukpga,1958,35
ukpga,1958,38
ukpga,1958,39
ukpga,1958,40
ukpga,1958,44
ukpga,1958,45
ukpga,1958,46
ukpga,1958,47
ukpga,1958,49
ukpga,1958,50
ukpga,1958,51
ukpga,1958,52
ukpga,1958,53
ukpga,1958,55
ukpga,1958,56
ukpga,1958,60
ukpga,1958,61
ukpga,1958,62
ukpga,1958,64
ukpga,1958,69
ukpga,1958,71
ukpga,1958,72
ukpga,1958,7
ukpga,1959,13
ukpga,1959,19
ukpga,1959,24
ukpga,1959,25
ukpga,1959,30
ukpga,1959,32
ukpga,1959,33
ukpga,1959,37
ukpga,1959,3
ukpga,1959,40
ukpga,1959,44
ukpga,1959,45
ukpga,1959,49
ukpga,1959,53
ukpga,1959,54
ukpga,1959,56
ukpga,1959,57
ukpga,1959,58
ukpga,1959,5
ukpga,1959,60
ukpga,1959,61
ukpga,1959,66
ukpga,1959,67
ukpga,1959,6
ukpga,1959,70
ukpga,1959,72
ukpga,1959,73
ukpga,1959,9
ukpga,1960,15
ukpga,1960,16
ukpga,1960,18
ukpga,1960,22
ukpga,1960,29
ukpga,1960,2
ukpga,1960,30
ukpga,1960,31
ukpga,1960,32
ukpga,1960,33
ukpga,1960,34
ukpga,1960,36
ukpga,1960,37
ukpga,1960,41
ukpga,1960,43
ukpga,1960,44
ukpga,1960,46
ukpga,1960,49
ukpga,1960,52
ukpga,1960,55
ukpga,1960,57
ukpga,1960,58
ukpga,1960,61
ukpga,1960,62
ukpga,1960,63
ukpga,1960,65
ukpga,1960,66
ukpga,1960,67
ukpga,1960,68
ukpga,1960,6
ukpga,1961,16
ukpga,1961,1
ukpga,1961,20
ukpga,1961,22
ukpga,1961,27
ukpga,1961,31
ukpga,1961,33
ukpga,1961,34
ukpga,1961,35
ukpga,1961,36
ukpga,1961,39
ukpga,1961,41
ukpga,1961,42
ukpga,1961,45
ukpga,1961,46
ukpga,1961,47
ukpga,1961,48
ukpga,1961,49
ukpga,1961,50
ukpga,1961,52
ukpga,1961,54
ukpga,1961,55
ukpga,1961,57
ukpga,1961,58
ukpga,1961,60
ukpga,1961,62
ukpga,1961,63
ukpga,1961,64
ukpga,1961,65
ukpga,1961,9
ukpga,1962,12
ukpga,1962,19
ukpga,1962,1
ukpga,1962,22
ukpga,1962,23
ukpga,1962,26
ukpga,1962,27
ukpga,1962,30
ukpga,1962,31
ukpga,1962,32
ukpga,1962,34
ukpga,1962,35
ukpga,1962,38
ukpga,1962,40
ukpga,1962,43
ukpga,1962,44
ukpga,1962,46
ukpga,1962,47
ukpga,1962,48
ukpga,1962,4
ukpga,1962,52
ukpga,1962,53
ukpga,1962,54
ukpga,1962,56
ukpga,1962,57
ukpga,1962,58
ukpga,1962,59
ukpga,1962,6
ukpga,1962,9
ukpga,1963,11
ukpga,1963,12
ukpga,1963,14
ukpga,1963,15
ukpga,1963,18
ukpga,1963,22
ukpga,1963,24
ukpga,1963,25
ukpga,1963,27
ukpga,1963,29
ukpga,1963,2
ukpga,1963,32
ukpga,1963,33
ukpga,1963,34
ukpga,1963,35
ukpga,1963,36
ukpga,1963,37
ukpga,1963,38
ukpga,1963,39
ukpga,1963,41
ukpga,1963,43
ukpga,1963,44
ukpga,1963,46
ukpga,1963,47
ukpga,1963,48
ukpga,1963,51
ukpga,1963,52
ukpga,1963,54
ukpga,1963,55
ukpga,1963,57
ukpga,1963,59
ukpga,1964,12
ukpga,1964,14
ukpga,1964,15
ukpga,1964,16
ukpga,1964,19
ukpga,1964,20
ukpga,1964,22
ukpga,1964,23
ukpga,1964,24
ukpga,1964,26
ukpga,1964,28
ukpga,1964,29
ukpga,1964,34
ukpga,1964,38
ukpga,1964,39
ukpga,1964,40
ukpga,1964,41
ukpga,1964,42
ukpga,1964,46
ukpga,1964,47
ukpga,1964,48
ukpga,1964,49
ukpga,1964,51
ukpga,1964,52
ukpga,1964,53
ukpga,1964,54
ukpga,1964,55
ukpga,1964,56
ukpga,1964,5
ukpga,1964,60
ukpga,1964,61
ukpga,1964,63
ukpga,1964,65
ukpga,1964,67
ukpga,1964,69
ukpga,1964,70
ukpga,1964,71
ukpga,1964,72
ukpga,1964,73
ukpga,1964,74
ukpga,1964,75
ukpga,1964,81
ukpga,1964,82
ukpga,1964,83
ukpga,1964,84
ukpga,1964,86
ukpga,1964,88
ukpga,1964,89
ukpga,1964,90
ukpga,1964,93
ukpga,1964,95
ukpga,1964,9
ukpga,1965,12
ukpga,1965,13
ukpga,1965,14
ukpga,1965,17
ukpga,1965,18
ukpga,1965,19
ukpga,1965,20
ukpga,1965,22
ukpga,1965,25
ukpga,1965,2
ukpga,1965,32
ukpga,1965,35
ukpga,1965,36
ukpga,1965,37
ukpga,1965,42
ukpga,1965,43
ukpga,1965,44
ukpga,1965,45
ukpga,1965,46
ukpga,1965,47
ukpga,1965,49
ukpga,1965,4
ukpga,1965,51
ukpga,1965,52
ukpga,1965,56
ukpga,1965,57
ukpga,1965,59
ukpga,1965,5
ukpga,1965,62
ukpga,1965,63
ukpga,1965,64
ukpga,1965,66
ukpga,1965,69
ukpga,1965,71
ukpga,1965,72
ukpga,1965,73
ukpga,1965,74
ukpga,1965,76
ukpga,1965,82
ukpga,1965,9
ukpga,1966,10
ukpga,1966,11
ukpga,1966,13
ukpga,1966,14
ukpga,1966,15
ukpga,1966,18
ukpga,1966,19
ukpga,1966,22
ukpga,1966,23
ukpga,1966,24
ukpga,1966,27
ukpga,1966,28
ukpga,1966,29
ukpga,1966,2
ukpga,1966,32
ukpga,1966,34
ukpga,1966,35
ukpga,1966,36
ukpga,1966,37
ukpga,1966,38
ukpga,1966,39
ukpga,1966,41
ukpga,1966,42
ukpga,1966,45
ukpga,1966,47
ukpga,1966,48
ukpga,1966,4
ukpga,1966,51
ukpga,1966,8
ukpga,1967,10
ukpga,1967,13
ukpga,1967,19
ukpga,1967,22
ukpga,1967,23
ukpga,1967,24
ukpga,1967,27
ukpga,1967,28
ukpga,1967,29
ukpga,1967,32
ukpga,1967,37
ukpga,1967,3
ukpga,1967,41
ukpga,1967,44
ukpga,1967,45
ukpga,1967,46
ukpga,1967,48
ukpga,1967,49
ukpga,1967,4
ukpga,1967,50
ukpga,1967,51
ukpga,1967,52
ukpga,1967,54
ukpga,1967,58
ukpga,1967,60
ukpga,1967,61
ukpga,1967,63
ukpga,1967,64
ukpga,1967,65
ukpga,1967,66
ukpga,1967,67
ukpga,1967,69
ukpga,1967,70
ukpga,1967,71
ukpga,1967,72
ukpga,1967,74
ukpga,1967,76
ukpga,1967,77
ukpga,1967,78
ukpga,1967,7
ukpga,1967,80
ukpga,1967,81
ukpga,1967,83
ukpga,1967,84
ukpga,1967,86
ukpga,1967,87
ukpga,1967,88
ukpga,1967,8
ukpga,1967,90
ukpga,1967,91
ukpga,1967,9
ukpga,1968,12
ukpga,1968,13
ukpga,1968,14
ukpga,1968,16
ukpga,1968,17
ukpga,1968,18
ukpga,1968,19
ukpga,1968,20
ukpga,1968,22
ukpga,1968,24
ukpga,1968,25
ukpga,1968,27
ukpga,1968,28
ukpga,1968,29
ukpga,1968,2
ukpga,1968,31
ukpga,1968,34
ukpga,1968,35
ukpga,1968,36
ukpga,1968,38
ukpga,1968,39
ukpga,1968,3
ukpga,1968,41
ukpga,1968,44
ukpga,1968,46
ukpga,1968,47
ukpga,1968,48
ukpga,1968,49
ukpga,1968,50
ukpga,1968,51
ukpga,1968,52
ukpga,1968,53
ukpga,1968,54
ukpga,1968,55
ukpga,1968,56
ukpga,1968,57
ukpga,1968,58
ukpga,1968,59
ukpga,1968,5
ukpga,1968,60
ukpga,1968,61
ukpga,1968,62
ukpga,1968,63
ukpga,1968,64
ukpga,1968,65
ukpga,1968,66
ukpga,1968,67
ukpga,1968,68
ukpga,1968,69
ukpga,1968,70
ukpga,1968,71
ukpga,1968,72
ukpga,1968,73
ukpga,1968,74
ukpga,1968,75
ukpga,1968,76
ukpga,1968,77
ukpga,1968,7
ukpga,1968,8
ukpga,1968,9
ukpga,1969,10
ukpga,1969,12
ukpga,1969,14
ukpga,1969,16
ukpga,1969,17
ukpga,1969,18
ukpga,1969,19
ukpga,1969,20
ukpga,1969,21
ukpga,1969,22
ukpga,1969,24
ukpga,1969,27
ukpga,1969,29
ukpga,1969,2
ukpga,1969,30
ukpga,1969,32
ukpga,1969,33
ukpga,1969,35
ukpga,1969,37
ukpga,1969,38
ukpga,1969,39
ukpga,1969,42
ukpga,1969,43
ukpga,1969,46
ukpga,1969,48
ukpga,1969,51
ukpga,1969,52
ukpga,1969,53
ukpga,1969,54
ukpga,1969,55
ukpga,1969,56
ukpga,1969,57
ukpga,1969,58
ukpga,1969,59
ukpga,1969,63
ukpga,1970,10
ukpga,1970,11
ukpga,1970,13
ukpga,1970,18
ukpga,1970,21
ukpga,1970,22
ukpga,1970,24
ukpga,1970,26
ukpga,1970,27
ukpga,1970,28
ukpga,1970,29
ukpga,1970,2
ukpga,1970,30
ukpga,1970,31
ukpga,1970,32
ukpga,1970,33
ukpga,1970,34
ukpga,1970,35
ukpga,1970,36
ukpga,1970,37
ukpga,1970,38
ukpga,1970,39
ukpga,1970,40
ukpga,1970,41
ukpga,1970,42
ukpga,1970,43
ukpga,1970,44
ukpga,1970,45
ukpga,1970,46
ukpga,1970,4
ukpga,1970,50
ukpga,1970,52
ukpga,1970,54
ukpga,1970,56
ukpga,1970,6
ukpga,1970,7
ukpga,1970,9
ukpga,1971,10
ukpga,1971,11
ukpga,1971,16
ukpga,1971,19
ukpga,1971,20
ukpga,1971,21
ukpga,1971,22
ukpga,1971,23
ukpga,1971,24
ukpga,1971,25
ukpga,1971,27
ukpga,1971,28
ukpga,1971,29
ukpga,1971,2
ukpga,1971,30
ukpga,1971,31
ukpga,1971,32
ukpga,1971,33
ukpga,1971,37
ukpga,1971,38
ukpga,1971,39
ukpga,1971,3
ukpga,1971,40
ukpga,1971,41
ukpga,1971,43
ukpga,1971,45
ukpga,1971,47
ukpga,1971,48
ukpga,1971,49
ukpga,1971,51
ukpga,1971,52
ukpga,1971,54
ukpga,1971,56
ukpga,1971,58
ukpga,1971,59
ukpga,1971,60
ukpga,1971,61
ukpga,1971,62
ukpga,1971,64
ukpga,1971,66
ukpga,1971,68
ukpga,1971,69
ukpga,1971,70
ukpga,1971,71
ukpga,1971,75
ukpga,1971,77
ukpga,1971,78
ukpga,1971,80
ukpga,1971,9
ukpga,1972,10
ukpga,1972,11
ukpga,1972,14
ukpga,1972,15
ukpga,1972,16
ukpga,1972,18
ukpga,1972,19
ukpga,1972,1
ukpga,1972,20
ukpga,1972,21
ukpga,1972,22
ukpga,1972,24
ukpga,1972,25
ukpga,1972,26
ukpga,1972,27
ukpga,1972,28
ukpga,1972,29
ukpga,1972,2
ukpga,1972,30
ukpga,1972,32
ukpga,1972,34
ukpga,1972,35
ukpga,1972,38
ukpga,1972,39
ukpga,1972,41
ukpga,1972,42
ukpga,1972,44
ukpga,1972,45
ukpga,1972,46
ukpga,1972,47
ukpga,1972,48
ukpga,1972,49
ukpga,1972,51
ukpga,1972,52
ukpga,1972,54
ukpga,1972,55
ukpga,1972,58
ukpga,1972,59
ukpga,1972,5
ukpga,1972,60
ukpga,1972,61
ukpga,1972,62
ukpga,1972,63
ukpga,1972,64
ukpga,1972,65
ukpga,1972,66
ukpga,1972,68
ukpga,1972,69
ukpga,1972,6
ukpga,1972,70
ukpga,1972,71
ukpga,1972,73
ukpga,1972,76
ukpga,1972,7
ukpga,1972,9
ukpga,1973,11
ukpga,1973,12
ukpga,1973,13
ukpga,1973,14
ukpga,1973,15
ukpga,1973,16
ukpga,1973,17
ukpga,1973,18
ukpga,1973,20
ukpga,1973,21
ukpga,1973,23
ukpga,1973,24
ukpga,1973,25
ukpga,1973,26
ukpga,1973,27
ukpga,1973,29
ukpga,1973,30
ukpga,1973,32
ukpga,1973,33
ukpga,1973,35
ukpga,1973,36
ukpga,1973,37
ukpga,1973,38
ukpga,1973,39
ukpga,1973,41
ukpga,1973,43
ukpga,1973,45
ukpga,1973,46
ukpga,1973,47
ukpga,1973,48
ukpga,1973,49
ukpga,1973,4
ukpga,1973,50
ukpga,1973,51
ukpga,1973,52
ukpga,1973,53
ukpga,1973,54
ukpga,1973,56
ukpga,1973,57
ukpga,1973,58
ukpga,1973,5
ukpga,1973,60
ukpga,1973,61
ukpga,1973,62
ukpga,1973,63
ukpga,1973,65
ukpga,1973,66
ukpga,1973,67
ukpga,1973,68
ukpga,1973,69
ukpga,1973,8
ukpga,1973,9
ukpga,1974,11
ukpga,1974,14
ukpga,1974,18
ukpga,1974,19
ukpga,1974,20
ukpga,1974,22
ukpga,1974,23
ukpga,1974,24
ukpga,1974,25
ukpga,1974,27
ukpga,1974,28
ukpga,1974,29
ukpga,1974,30
ukpga,1974,32
ukpga,1974,34
ukpga,1974,35
ukpga,1974,36
ukpga,1974,37
ukpga,1974,38
ukpga,1974,39
ukpga,1974,3
ukpga,1974,40
ukpga,1974,43
ukpga,1974,44
ukpga,1974,46
ukpga,1974,47
ukpga,1974,48
ukpga,1974,49
ukpga,1974,50
ukpga,1974,51
ukpga,1974,52
ukpga,1974,53
ukpga,1974,55
ukpga,1974,56
ukpga,1974,5
ukpga,1974,6
ukpga,1974,7
ukpga,1974,8
ukpga,1974,9
ukpga,1975,10
ukpga,1975,11
ukpga,1975,13
ukpga,1975,14
ukpga,1975,15
ukpga,1975,18
ukpga,1975,20
ukpga,1975,21
ukpga,1975,22
ukpga,1975,23
ukpga,1975,24
ukpga,1975,25
ukpga,1975,26
ukpga,1975,27
ukpga,1975,28
ukpga,1975,2
ukpga,1975,30
ukpga,1975,31
ukpga,1975,32
ukpga,1975,34
ukpga,1975,35
ukpga,1975,36
ukpga,1975,37
ukpga,1975,39
ukpga,1975,3
ukpga,1975,41
ukpga,1975,43
ukpga,1975,45
ukpga,1975,46
ukpga,1975,47
ukpga,1975,48
ukpga,1975,49
ukpga,1975,4
ukpga,1975,50
ukpga,1975,51
ukpga,1975,52
ukpga,1975,53
ukpga,1975,54
ukpga,1975,55
ukpga,1975,56
ukpga,1975,58
ukpga,1975,59
ukpga,1975,60
ukpga,1975,62
ukpga,1975,63
ukpga,1975,65
ukpga,1975,66
ukpga,1975,68
ukpga,1975,69
ukpga,1975,6
ukpga,1975,70
ukpga,1975,71
ukpga,1975,72
ukpga,1975,73
ukpga,1975,74
ukpga,1975,75
ukpga,1975,76
ukpga,1975,77
ukpga,1975,78
ukpga,1975,7
ukpga,1975,80
ukpga,1975,82
ukpga,1975,83
ukpga,1975,8
ukpga,1975,9
ukpga,1976,10
ukpga,1976,13
ukpga,1976,14
ukpga,1976,15
ukpga,1976,16
ukpga,1976,18
ukpga,1976,19
ukpga,1976,1
ukpga,1976,21
ukpga,1976,22
ukpga,1976,23
ukpga,1976,24
ukpga,1976,25
ukpga,1976,26
ukpga,1976,27
ukpga,1976,28
ukpga,1976,30
ukpga,1976,31
ukpga,1976,32
ukpga,1976,33
ukpga,1976,34
ukpga,1976,35
ukpga,1976,36
ukpga,1976,38
ukpga,1976,39
ukpga,1976,3
ukpga,1976,40
ukpga,1976,45
ukpga,1976,46
ukpga,1976,47
ukpga,1976,48
ukpga,1976,49
ukpga,1976,4
ukpga,1976,50
ukpga,1976,52
ukpga,1976,53
ukpga,1976,54
ukpga,1976,55
ukpga,1976,57
ukpga,1976,58
ukpga,1976,5
ukpga,1976,60
ukpga,1976,63
ukpga,1976,64
ukpga,1976,66
ukpga,1976,67
ukpga,1976,69
ukpga,1976,70
ukpga,1976,71
ukpga,1976,72
ukpga,1976,74
ukpga,1976,75
ukpga,1976,76
ukpga,1976,77
ukpga,1976,78
ukpga,1976,79
ukpga,1976,7
ukpga,1976,80
ukpga,1976,81
ukpga,1976,82
ukpga,1976,83
ukpga,1976,86
ukpga,1976,8
ukpga,1977,10
ukpga,1977,15
ukpga,1977,16
ukpga,1977,17
ukpga,1977,18
ukpga,1977,19
ukpga,1977,20
ukpga,1977,24
ukpga,1977,26
ukpga,1977,27
ukpga,1977,30
ukpga,1977,31
ukpga,1977,32
ukpga,1977,33
ukpga,1977,36
ukpga,1977,37
ukpga,1977,38
ukpga,1977,39
ukpga,1977,3
ukpga,1977,41
ukpga,1977,42
ukpga,1977,43
ukpga,1977,45
ukpga,1977,46
ukpga,1977,47
ukpga,1977,48
ukpga,1977,49
ukpga,1977,4
ukpga,1977,50
ukpga,1977,5
ukpga,1977,7
ukpga,1977,8
ukpga,1978,10
ukpga,1978,11
ukpga,1978,14
ukpga,1978,15
ukpga,1978,17
ukpga,1978,18
ukpga,1978,19
ukpga,1978,1
ukpga,1978,20
ukpga,1978,22
ukpga,1978,23
ukpga,1978,24
ukpga,1978,25
ukpga,1978,26
ukpga,1978,28
ukpga,1978,29
ukpga,1978,2
ukpga,1978,30
ukpga,1978,31
ukpga,1978,33
ukpga,1978,34
ukpga,1978,35
ukpga,1978,36
ukpga,1978,37
ukpga,1978,38
ukpga,1978,39
ukpga,1978,3
ukpga,1978,40
ukpga,1978,42
ukpga,1978,44
ukpga,1978,45
ukpga,1978,46
ukpga,1978,47
ukpga,1978,49
ukpga,1978,4
ukpga,1978,50
ukpga,1978,51
ukpga,1978,52
ukpga,1978,53
ukpga,1978,55
ukpga,1978,5
ukpga,1978,6
ukpga,1978,8
ukpga,1978,9
ukpga,1979,10
ukpga,1979,11
ukpga,1979,12
ukpga,1979,13
ukpga,1979,14
ukpga,1979,16
ukpga,1979,17
ukpga,1979,18
ukpga,1979,21
ukpga,1979,22
ukpga,1979,23
ukpga,1979,27
ukpga,1979,28
ukpga,1979,29
ukpga,1979,2
ukpga,1979,30
ukpga,1979,32
ukpga,1979,33
ukpga,1979,34
ukpga,1979,35
ukpga,1979,36
ukpga,1979,37
ukpga,1979,38
ukpga,1979,39
ukpga,1979,3
ukpga,1979,41
ukpga,1979,42
ukpga,1979,43
ukpga,1979,44
ukpga,1979,45
ukpga,1979,46
ukpga,1979,47
ukpga,1979,49
ukpga,1979,4
ukpga,1979,50
ukpga,1979,52
ukpga,1979,53
ukpga,1979,54
ukpga,1979,55
ukpga,1979,57
ukpga,1979,58
ukpga,1979,59
ukpga,1979,5
ukpga,1979,60
ukpga,1979,6
ukpga,1979,7
ukpga,1979,8
ukpga,1979,9
ukpga,1980,10
ukpga,1980,11
ukpga,1980,12
ukpga,1980,13
ukpga,1980,16
ukpga,1980,17
ukpga,1980,18
ukpga,1980,19
ukpga,1980,1
ukpga,1980,20
ukpga,1980,21
ukpga,1980,22
ukpga,1980,23
ukpga,1980,24
ukpga,1980,25
ukpga,1980,26
ukpga,1980,27
ukpga,1980,29
ukpga,1980,2
ukpga,1980,30
ukpga,1980,32
ukpga,1980,33
ukpga,1980,34
ukpga,1980,40
ukpga,1980,41
ukpga,1980,42
ukpga,1980,43
ukpga,1980,44
ukpga,1980,45
ukpga,1980,46
ukpga,1980,47
ukpga,1980,48
ukpga,1980,49
ukpga,1980,4
ukpga,1980,50
ukpga,1980,51
ukpga,1980,52
ukpga,1980,53
ukpga,1980,55
ukpga,1980,56
ukpga,1980,57
ukpga,1980,58
ukpga,1980,5
ukpga,1980,60
ukpga,1980,62
ukpga,1980,63
ukpga,1980,65
ukpga,1980,66
ukpga,1980,67
ukpga,1980,6
ukpga,1980,7
ukpga,1980,8
ukpga,1980,9
ukpga,1981,10
ukpga,1981,11
ukpga,1981,12
ukpga,1981,13
ukpga,1981,14
ukpga,1981,15
ukpga,1981,16
ukpga,1981,17
ukpga,1981,18
ukpga,1981,20
ukpga,1981,21
ukpga,1981,22
ukpga,1981,23
ukpga,1981,24
ukpga,1981,25
ukpga,1981,27
ukpga,1981,28
ukpga,1981,29
ukpga,1981,30
ukpga,1981,31
ukpga,1981,32
ukpga,1981,33
ukpga,1981,34
ukpga,1981,35
ukpga,1981,36
ukpga,1981,37
ukpga,1981,38
ukpga,1981,39
ukpga,1981,3
ukpga,1981,40
ukpga,1981,41
ukpga,1981,42
ukpga,1981,43
ukpga,1981,44
ukpga,1981,45
ukpga,1981,47
ukpga,1981,48
ukpga,1981,49
ukpga,1981,50
ukpga,1981,52
ukpga,1981,53
ukpga,1981,54
ukpga,1981,55
ukpga,1981,56
ukpga,1981,57
ukpga,1981,58
ukpga,1981,59
ukpga,1981,60
ukpga,1981,61
ukpga,1981,63
ukpga,1981,64
ukpga,1981,65
ukpga,1981,66
ukpga,1981,67
ukpga,1981,68
ukpga,1981,69
ukpga,1981,6
ukpga,1981,7
ukpga,1981,8
ukpga,1981,9
ukpga,1982,10
ukpga,1982,11
ukpga,1982,14
ukpga,1982,15
ukpga,1982,16
ukpga,1982,17
ukpga,1982,19
ukpga,1982,1
ukpga,1982,20
ukpga,1982,22
ukpga,1982,23
ukpga,1982,24
ukpga,1982,25
ukpga,1982,27
ukpga,1982,28
ukpga,1982,29
ukpga,1982,30
ukpga,1982,31
ukpga,1982,32
ukpga,1982,33
ukpga,1982,34
ukpga,1982,36
ukpga,1982,37
ukpga,1982,38
ukpga,1982,39
ukpga,1982,3
ukpga,1982,41
ukpga,1982,42
ukpga,1982,43
ukpga,1982,45
ukpga,1982,46
ukpga,1982,47
ukpga,1982,48
ukpga,1982,49
ukpga,1982,4
ukpga,1982,50
ukpga,1982,51
ukpga,1982,52
ukpga,1982,53
ukpga,1982,54
ukpga,1982,55
ukpga,1982,57
ukpga,1982,5
ukpga,1982,6
ukpga,1982,7
ukpga,1982,9
ukpga,1983,10
ukpga,1983,11
ukpga,1983,12
ukpga,1983,13
ukpga,1983,14
ukpga,1983,15
ukpga,1983,16
ukpga,1983,17
ukpga,1983,18
ukpga,1983,19
ukpga,1983,20
ukpga,1983,21
ukpga,1983,22
ukpga,1983,23
ukpga,1983,24
ukpga,1983,25
ukpga,1983,26
ukpga,1983,28
ukpga,1983,29
ukpga,1983,2
ukpga,1983,30
ukpga,1983,32
ukpga,1983,33
ukpga,1983,34
ukpga,1983,35
ukpga,1983,37
ukpga,1983,3
ukpga,1983,40
ukpga,1983,41
ukpga,1983,43
ukpga,1983,44
ukpga,1983,45
ukpga,1983,46
ukpga,1983,47
ukpga,1983,49
ukpga,1983,4
ukpga,1983,50
ukpga,1983,51
ukpga,1983,52
ukpga,1983,53
ukpga,1983,54
ukpga,1983,55
ukpga,1983,56
ukpga,1983,58
ukpga,1983,59
ukpga,1983,60
ukpga,1983,6
ukpga,1983,7
ukpga,1983,8
ukpga,1983,9
ukpga,1984,10
ukpga,1984,11
ukpga,1984,12
ukpga,1984,14
ukpga,1984,15
ukpga,1984,16
ukpga,1984,19
ukpga,1984,20
ukpga,1984,21
ukpga,1984,22
ukpga,1984,23
ukpga,1984,24
ukpga,1984,25
ukpga,1984,26
ukpga,1984,27
ukpga,1984,28
ukpga,1984,29
ukpga,1984,30
ukpga,1984,31
ukpga,1984,32
ukpga,1984,33
ukpga,1984,34
ukpga,1984,35
ukpga,1984,36
ukpga,1984,37
ukpga,1984,38
ukpga,1984,39
ukpga,1984,3
ukpga,1984,40
ukpga,1984,42
ukpga,1984,43
ukpga,1984,45
ukpga,1984,46
ukpga,1984,47
ukpga,1984,48
ukpga,1984,49
ukpga,1984,4
ukpga,1984,50
ukpga,1984,51
ukpga,1984,52
ukpga,1984,53
ukpga,1984,54
ukpga,1984,55
ukpga,1984,56
ukpga,1984,57
ukpga,1984,58
ukpga,1984,59
ukpga,1984,5
ukpga,1984,60
ukpga,1984,62
ukpga,1984,6
ukpga,1984,7
ukpga,1984,9
ukpga,1985,10
ukpga,1985,12
ukpga,1985,13
ukpga,1985,14
ukpga,1985,15
ukpga,1985,16
ukpga,1985,17
ukpga,1985,18
ukpga,1985,19
ukpga,1985,20
ukpga,1985,21
ukpga,1985,22
ukpga,1985,23
ukpga,1985,24
ukpga,1985,25
ukpga,1985,26
ukpga,1985,27
ukpga,1985,29
ukpga,1985,2
ukpga,1985,30
ukpga,1985,31
ukpga,1985,32
ukpga,1985,33
ukpga,1985,35
ukpga,1985,36
ukpga,1985,37
ukpga,1985,38
ukpga,1985,39
ukpga,1985,3
ukpga,1985,40
ukpga,1985,42
ukpga,1985,43
ukpga,1985,44
ukpga,1985,45
ukpga,1985,46
ukpga,1985,47
ukpga,1985,48
ukpga,1985,49
ukpga,1985,4
ukpga,1985,50
ukpga,1985,51
ukpga,1985,52
ukpga,1985,53
ukpga,1985,54
ukpga,1985,56
ukpga,1985,57
ukpga,1985,58
ukpga,1985,59
ukpga,1985,5
ukpga,1985,60
ukpga,1985,61
ukpga,1985,62
ukpga,1985,63
ukpga,1985,65
ukpga,1985,66
ukpga,1985,67
ukpga,1985,68
ukpga,1985,69
ukpga,1985,6
ukpga,1985,70
ukpga,1985,71
ukpga,1985,72
ukpga,1985,73
ukpga,1985,75
ukpga,1985,76
ukpga,1985,7
ukpga,1985,8
ukpga,1985,9
ukpga,1986,10
ukpga,1986,11
ukpga,1986,12
ukpga,1986,13
ukpga,1986,14
ukpga,1986,15
ukpga,1986,16
ukpga,1986,18
ukpga,1986,1
ukpga,1986,20
ukpga,1986,21
ukpga,1986,22
ukpga,1986,23
ukpga,1986,24
ukpga,1986,25
ukpga,1986,26
ukpga,1986,27
ukpga,1986,28
ukpga,1986,2
ukpga,1986,30
ukpga,1986,31
ukpga,1986,32
ukpga,1986,33
ukpga,1986,34
ukpga,1986,35
ukpga,1986,36
ukpga,1986,37
ukpga,1986,38
ukpga,1986,39
ukpga,1986,3
ukpga,1986,40
ukpga,1986,41
ukpga,1986,43
ukpga,1986,44
ukpga,1986,45
ukpga,1986,46
ukpga,1986,47
ukpga,1986,48
ukpga,1986,49
ukpga,1986,50
ukpga,1986,51
ukpga,1986,52
ukpga,1986,53
ukpga,1986,54
ukpga,1986,55
ukpga,1986,56
ukpga,1986,57
ukpga,1986,58
ukpga,1986,59
ukpga,1986,5
ukpga,1986,60
ukpga,1986,61
ukpga,1986,62
ukpga,1986,63
ukpga,1986,64
ukpga,1986,65
ukpga,1986,66
ukpga,1986,68
ukpga,1986,6
ukpga,1986,7
ukpga,1986,8
ukpga,1986,9
ukpga,1987,11
ukpga,1987,12
ukpga,1987,13
ukpga,1987,14
ukpga,1987,15
ukpga,1987,16
ukpga,1987,18
ukpga,1987,1
ukpga,1987,20
ukpga,1987,21
ukpga,1987,22
ukpga,1987,23
ukpga,1987,24
ukpga,1987,25
ukpga,1987,26
ukpga,1987,27
ukpga,1987,28
ukpga,1987,29
ukpga,1987,30
ukpga,1987,31
ukpga,1987,32
ukpga,1987,33
ukpga,1987,34
ukpga,1987,35
ukpga,1987,36
ukpga,1987,37
ukpga,1987,38
ukpga,1987,39
ukpga,1987,3
ukpga,1987,40
ukpga,1987,41
ukpga,1987,42
ukpga,1987,43
ukpga,1987,44
ukpga,1987,45
ukpga,1987,46
ukpga,1987,47
ukpga,1987,48
ukpga,1987,49
ukpga,1987,4
ukpga,1987,51
ukpga,1987,52
ukpga,1987,53
ukpga,1987,56
ukpga,1987,57
ukpga,1987,5
ukpga,1987,6
ukpga,1987,7
ukpga,1987,9
ukpga,1988,10
ukpga,1988,11
ukpga,1988,12
ukpga,1988,13
ukpga,1988,14
ukpga,1988,15
ukpga,1988,16
ukpga,1988,17
ukpga,1988,18
ukpga,1988,19
ukpga,1988,1
ukpga,1988,20
ukpga,1988,21
ukpga,1988,22
ukpga,1988,23
ukpga,1988,24
ukpga,1988,25
ukpga,1988,26
ukpga,1988,27
ukpga,1988,28
ukpga,1988,29
ukpga,1988,2
ukpga,1988,30
ukpga,1988,31
ukpga,1988,32
ukpga,1988,33
ukpga,1988,34
ukpga,1988,35
ukpga,1988,36
ukpga,1988,37
ukpga,1988,38
ukpga,1988,39
ukpga,1988,3
ukpga,1988,40
ukpga,1988,41
ukpga,1988,42
ukpga,1988,43
ukpga,1988,44
ukpga,1988,45
ukpga,1988,46
ukpga,1988,47
ukpga,1988,48
ukpga,1988,49
ukpga,1988,4
ukpga,1988,50
ukpga,1988,51
ukpga,1988,52
ukpga,1988,53
ukpga,1988,54
ukpga,1988,55
ukpga,1988,5
ukpga,1988,6
ukpga,1988,7
ukpga,1988,8
ukpga,1988,9
ukpga,1989,10
ukpga,1989,11
ukpga,1989,12
ukpga,1989,13
ukpga,1989,14
ukpga,1989,15
ukpga,1989,16
ukpga,1989,17
ukpga,1989,18
ukpga,1989,19
ukpga,1989,1
ukpga,1989,20
ukpga,1989,21
ukpga,1989,22
ukpga,1989,23
ukpga,1989,24
ukpga,1989,25
ukpga,1989,26
ukpga,1989,27
ukpga,1989,28
ukpga,1989,29
ukpga,1989,2
ukpga,1989,30
ukpga,1989,31
ukpga,1989,32
ukpga,1989,33
ukpga,1989,34
ukpga,1989,35
ukpga,1989,36
ukpga,1989,37
ukpga,1989,38
ukpga,1989,39
ukpga,1989,3
ukpga,1989,40
ukpga,1989,41
ukpga,1989,42
ukpga,1989,43
ukpga,1989,44
ukpga,1989,45
ukpga,1989,46
ukpga,1989,4
ukpga,1989,5
ukpga,1989,6
ukpga,1989,7
ukpga,1989,8
ukpga,1989,9
ukpga,1990,10
ukpga,1990,11
ukpga,1990,12
ukpga,1990,13
ukpga,1990,14
ukpga,1990,15
ukpga,1990,16
ukpga,1990,17
ukpga,1990,18
ukpga,1990,19
ukpga,1990,1
ukpga,1990,20
ukpga,1990,21
ukpga,1990,22
ukpga,1990,23
ukpga,1990,24
ukpga,1990,25
ukpga,1990,26
ukpga,1990,27
ukpga,1990,28
ukpga,1990,29
ukpga,1990,2
ukpga,1990,30
ukpga,1990,31
ukpga,1990,32
ukpga,1990,33
ukpga,1990,34
ukpga,1990,35
ukpga,1990,36
ukpga,1990,37
ukpga,1990,38
ukpga,1990,39
ukpga,1990,3
ukpga,1990,40
ukpga,1990,41
ukpga,1990,42
ukpga,1990,43
ukpga,1990,44
ukpga,1990,45
ukpga,1990,46
ukpga,1990,4
ukpga,1990,5
ukpga,1990,6
ukpga,1990,7
ukpga,1990,8
ukpga,1990,9
ukpga,1991,10
ukpga,1991,11
ukpga,1991,12
ukpga,1991,13
ukpga,1991,14
ukpga,1991,15
ukpga,1991,16
ukpga,1991,17
ukpga,1991,18
ukpga,1991,19
ukpga,1991,1
ukpga,1991,20
ukpga,1991,21
ukpga,1991,22
ukpga,1991,23
ukpga,1991,24
ukpga,1991,25
ukpga,1991,26
ukpga,1991,27
ukpga,1991,28
ukpga,1991,29
ukpga,1991,2
ukpga,1991,30
ukpga,1991,31
ukpga,1991,32
ukpga,1991,33
ukpga,1991,34
ukpga,1991,35
ukpga,1991,36
ukpga,1991,37
ukpga,1991,38
ukpga,1991,39
ukpga,1991,3
ukpga,1991,40
ukpga,1991,41
ukpga,1991,42
ukpga,1991,43
ukpga,1991,44
ukpga,1991,45
ukpga,1991,46
ukpga,1991,47
ukpga,1991,48
ukpga,1991,49
ukpga,1991,4
ukpga,1991,50
ukpga,1991,51
ukpga,1991,52
ukpga,1991,53
ukpga,1991,54
ukpga,1991,55
ukpga,1991,56
ukpga,1991,57
ukpga,1991,58
ukpga,1991,59
ukpga,1991,5
ukpga,1991,60
ukpga,1991,61
ukpga,1991,62
ukpga,1991,63
ukpga,1991,64
ukpga,1991,65
ukpga,1991,66
ukpga,1991,67
ukpga,1991,68
ukpga,1991,69
ukpga,1991,6
ukpga,1991,7
ukpga,1991,8
ukpga,1991,9
ukpga,1992,10
ukpga,1992,11
ukpga,1992,12
ukpga,1992,13
ukpga,1992,14
ukpga,1992,15
ukpga,1992,16
ukpga,1992,17
ukpga,1992,18
ukpga,1992,19
ukpga,1992,1
ukpga,1992,20
ukpga,1992,21
ukpga,1992,22
ukpga,1992,23
ukpga,1992,24
ukpga,1992,25
ukpga,1992,26
ukpga,1992,27
ukpga,1992,28
ukpga,1992,29
ukpga,1992,2
ukpga,1992,30
ukpga,1992,31
ukpga,1992,32
ukpga,1992,33
ukpga,1992,34
ukpga,1992,35
ukpga,1992,36
ukpga,1992,37
ukpga,1992,38
ukpga,1992,39
ukpga,1992,3
ukpga,1992,40
ukpga,1992,41
ukpga,1992,42
ukpga,1992,43
ukpga,1992,44
ukpga,1992,45
ukpga,1992,46
ukpga,1992,47
ukpga,1992,48
ukpga,1992,49
ukpga,1992,4
ukpga,1992,50
ukpga,1992,51
ukpga,1992,52
ukpga,1992,53
ukpga,1992,54
ukpga,1992,55
ukpga,1992,56
ukpga,1992,57
ukpga,1992,58
ukpga,1992,59
ukpga,1992,5
ukpga,1992,60
ukpga,1992,61
ukpga,1992,6
ukpga,1992,7
ukpga,1992,8
ukpga,1992,9
ukpga,1993,10
ukpga,1993,11
ukpga,1993,12
ukpga,1993,13
ukpga,1993,14
ukpga,1993,15
ukpga,1993,16
ukpga,1993,17
ukpga,1993,18
ukpga,1993,19
ukpga,1993,1
ukpga,1993,20
ukpga,1993,21
ukpga,1993,22
ukpga,1993,23
ukpga,1993,24
ukpga,1993,25
ukpga,1993,26
ukpga,1993,27
ukpga,1993,28
ukpga,1993,29
ukpga,1993,2
ukpga,1993,30
ukpga,1993,31
ukpga,1993,32
ukpga,1993,33
ukpga,1993,34
ukpga,1993,35
ukpga,1993,36
ukpga,1993,37
ukpga,1993,38
ukpga,1993,39
ukpga,1993,3
ukpga,1993,40
ukpga,1993,41
ukpga,1993,42
ukpga,1993,43
ukpga,1993,44
ukpga,1993,45
ukpga,1993,46
ukpga,1993,47
ukpga,1993,48
ukpga,1993,49
ukpga,1993,4
ukpga,1993,50
ukpga,1993,51
ukpga,1993,52
ukpga,1993,5
ukpga,1993,6
ukpga,1993,7
ukpga,1993,8
ukpga,1993,9
ukpga,1994,10
ukpga,1994,11
ukpga,1994,12
ukpga,1994,13
ukpga,1994,14
ukpga,1994,15
ukpga,1994,16
ukpga,1994,17
ukpga,1994,18
ukpga,1994,19
ukpga,1994,1
ukpga,1994,20
ukpga,1994,21
ukpga,1994,22
ukpga,1994,23
ukpga,1994,24
ukpga,1994,25
ukpga,1994,26
ukpga,1994,27
ukpga,1994,28
ukpga,1994,29
ukpga,1994,2
ukpga,1994,30
ukpga,1994,31
ukpga,1994,32
ukpga,1994,33
ukpga,1994,34
ukpga,1994,35
ukpga,1994,36
ukpga,1994,37
ukpga,1994,38
ukpga,1994,39
ukpga,1994,3
ukpga,1994,40
ukpga,1994,41
ukpga,1994,4
ukpga,1994,5
ukpga,1994,6
ukpga,1994,7
ukpga,1994,8
ukpga,1994,9
ukpga,1995,10
ukpga,1995,11
ukpga,1995,12
ukpga,1995,13
ukpga,1995,14
ukpga,1995,15
ukpga,1995,16
ukpga,1995,17
ukpga,1995,18
ukpga,1995,19
ukpga,1995,1
ukpga,1995,20
ukpga,1995,21
ukpga,1995,22
ukpga,1995,23
ukpga,1995,24
ukpga,1995,25
ukpga,1995,26
ukpga,1995,27
ukpga,1995,28
ukpga,1995,29
ukpga,1995,2
ukpga,1995,30
ukpga,1995,31
ukpga,1995,32
ukpga,1995,33
ukpga,1995,34
ukpga,1995,35
ukpga,1995,36
ukpga,1995,37
ukpga,1995,38
ukpga,1995,39
ukpga,1995,3
ukpga,1995,40
ukpga,1995,41
ukpga,1995,42
ukpga,1995,43
ukpga,1995,44
ukpga,1995,45
ukpga,1995,46
ukpga,1995,47
ukpga,1995,48
ukpga,1995,49
ukpga,1995,4
ukpga,1995,50
ukpga,1995,51
ukpga,1995,52
ukpga,1995,53
ukpga,1995,54
ukpga,1995,5
ukpga,1995,6
ukpga,1995,7
ukpga,1995,8
ukpga,1995,9
ukpga,1996,10
ukpga,1996,11
ukpga,1996,12
ukpga,1996,13
ukpga,1996,14
ukpga,1996,15
ukpga,1996,16
ukpga,1996,17
ukpga,1996,18
ukpga,1996,19
ukpga,1996,1
ukpga,1996,20
ukpga,1996,21
ukpga,1996,22
ukpga,1996,23
ukpga,1996,24
ukpga,1996,25
ukpga,1996,26
ukpga,1996,27
ukpga,1996,28
ukpga,1996,29
ukpga,1996,2
ukpga,1996,30
ukpga,1996,31
ukpga,1996,32
ukpga,1996,33
ukpga,1996,34
ukpga,1996,35
ukpga,1996,36
ukpga,1996,37
ukpga,1996,38
ukpga,1996,39
ukpga,1996,3
ukpga,1996,40
ukpga,1996,41
ukpga,1996,42
ukpga,1996,43
ukpga,1996,44
ukpga,1996,45
ukpga,1996,46
ukpga,1996,47
ukpga,1996,48
ukpga,1996,49
ukpga,1996,4
ukpga,1996,50
ukpga,1996,51
ukpga,1996,52
ukpga,1996,53
ukpga,1996,54
ukpga,1996,55
ukpga,1996,56
ukpga,1996,57
ukpga,1996,58
ukpga,1996,59
ukpga,1996,5
ukpga,1996,60
ukpga,1996,61
ukpga,1996,62
ukpga,1996,63
ukpga,1996,6
ukpga,1996,7
ukpga,1996,8
ukpga,1996,9
ukpga,1997,10
ukpga,1997,11
ukpga,1997,12
ukpga,1997,13
ukpga,1997,14
ukpga,1997,15
ukpga,1997,16
ukpga,1997,17
ukpga,1997,18
ukpga,1997,19
ukpga,1997,1
ukpga,1997,20
ukpga,1997,21
ukpga,1997,22
ukpga,1997,23
ukpga,1997,24
ukpga,1997,25
ukpga,1997,26
ukpga,1997,27
ukpga,1997,28
ukpga,1997,29
ukpga,1997,2
ukpga,1997,30
ukpga,1997,31
ukpga,1997,32
ukpga,1997,33
ukpga,1997,34
ukpga,1997,35
ukpga,1997,36
ukpga,1997,37
ukpga,1997,38
ukpga,1997,39
ukpga,1997,3
ukpga,1997,40
ukpga,1997,41
ukpga,1997,42
ukpga,1997,43
ukpga,1997,44
ukpga,1997,45
ukpga,1997,46
ukpga,1997,47
ukpga,1997,48
ukpga,1997,49
ukpga,1997,4
ukpga,1997,50
ukpga,1997,51
ukpga,1997,52
ukpga,1997,53
ukpga,1997,54
ukpga,1997,55
ukpga,1997,56
ukpga,1997,57
ukpga,1997,58
ukpga,1997,59
ukpga,1997,5
ukpga,1997,60
ukpga,1997,61
ukpga,1997,62
ukpga,1997,63
ukpga,1997,64
ukpga,1997,65
ukpga,1997,66
ukpga,1997,67
ukpga,1997,68
ukpga,1997,69
ukpga,1997,6
ukpga,1997,7
ukpga,1997,8
ukpga,1997,9
ukpga,1998,10
ukpga,1998,11
ukpga,1998,12
ukpga,1998,13
ukpga,1998,14
ukpga,1998,15
ukpga,1998,16
ukpga,1998,17
ukpga,1998,18
ukpga,1998,19
ukpga,1998,1
ukpga,1998,20
ukpga,1998,21
ukpga,1998,22
ukpga,1998,23
ukpga,1998,24
ukpga,1998,25
ukpga,1998,26
ukpga,1998,27
ukpga,1998,28
ukpga,1998,29
ukpga,1998,2
ukpga,1998,30
ukpga,1998,31
ukpga,1998,32
ukpga,1998,33
ukpga,1998,34
ukpga,1998,35
ukpga,1998,36
ukpga,1998,37
ukpga,1998,38
ukpga,1998,39
ukpga,1998,3
ukpga,1998,40
ukpga,1998,41
ukpga,1998,42
ukpga,1998,43
ukpga,1998,44
ukpga,1998,45
ukpga,1998,46
ukpga,1998,47
ukpga,1998,48
ukpga,1998,49
ukpga,1998,4
ukpga,1998,5
ukpga,1998,6
ukpga,1998,7
ukpga,1998,8
ukpga,1998,9
ukpga,1999,10
ukpga,1999,11
ukpga,1999,12
ukpga,1999,13
ukpga,1999,14
ukpga,1999,15
ukpga,1999,16
ukpga,1999,17
ukpga,1999,18
ukpga,1999,19
ukpga,1999,1
ukpga,1999,20
ukpga,1999,21
ukpga,1999,22
ukpga,1999,23
ukpga,1999,24
ukpga,1999,25
ukpga,1999,26
ukpga,1999,27
ukpga,1999,28
ukpga,1999,29
ukpga,1999,2
ukpga,1999,30
ukpga,1999,31
ukpga,1999,32
ukpga,1999,33
ukpga,1999,34
ukpga,1999,35
ukpga,1999,3
ukpga,1999,4
ukpga,1999,5
ukpga,1999,6
ukpga,1999,7
ukpga,1999,8
ukpga,1999,9
ukpga,2000,10
ukpga,2000,11
ukpga,2000,12
ukpga,2000,13
ukpga,2000,14
ukpga,2000,15
ukpga,2000,16
ukpga,2000,17
ukpga,2000,18
ukpga,2000,19
ukpga,2000,1
ukpga,2000,20
ukpga,2000,21
ukpga,2000,22
ukpga,2000,23
ukpga,2000,24
ukpga,2000,25
ukpga,2000,26
ukpga,2000,27
ukpga,2000,28
ukpga,2000,29
ukpga,2000,2
ukpga,2000,30
ukpga,2000,31
ukpga,2000,32
ukpga,2000,33
ukpga,2000,34
ukpga,2000,35
ukpga,2000,36
ukpga,2000,37
ukpga,2000,38
ukpga,2000,39
ukpga,2000,3
ukpga,2000,40
ukpga,2000,41
ukpga,2000,42
ukpga,2000,43
ukpga,2000,44
ukpga,2000,45
ukpga,2000,4
ukpga,2000,5
ukpga,2000,6
ukpga,2000,7
ukpga,2000,8
ukpga,2000,9
ukpga,2001,10
ukpga,2001,11
ukpga,2001,12
ukpga,2001,13
ukpga,2001,14
ukpga,2001,15
ukpga,2001,16
ukpga,2001,17
ukpga,2001,18
ukpga,2001,19
ukpga,2001,1
ukpga,2001,20
ukpga,2001,21
ukpga,2001,22
ukpga,2001,23
ukpga,2001,24
ukpga,2001,25
ukpga,2001,2
ukpga,2001,3
ukpga,2001,4
ukpga,2001,5
ukpga,2001,6
ukpga,2001,7
ukpga,2001,8
ukpga,2001,9
ukpga,2002,10
ukpga,2002,11
ukpga,2002,12
ukpga,2002,13
ukpga,2002,14
ukpga,2002,15
ukpga,2002,16
ukpga,2002,17
ukpga,2002,18
ukpga,2002,19
ukpga,2002,1
ukpga,2002,20
ukpga,2002,21
ukpga,2002,22
ukpga,2002,23
ukpga,2002,24
ukpga,2002,25
ukpga,2002,26
ukpga,2002,27
ukpga,2002,28
ukpga,2002,29
ukpga,2002,2
ukpga,2002,30
ukpga,2002,31
ukpga,2002,32
ukpga,2002,33
ukpga,2002,34
ukpga,2002,35
ukpga,2002,36
ukpga,2002,37
ukpga,2002,38
ukpga,2002,39
ukpga,2002,3
ukpga,2002,40
ukpga,2002,41
ukpga,2002,42
ukpga,2002,43
ukpga,2002,44
ukpga,2002,4
ukpga,2002,5
ukpga,2002,6
ukpga,2002,7
ukpga,2002,8
ukpga,2002,9
ukpga,2003,10
ukpga,2003,11
ukpga,2003,12
ukpga,2003,13
ukpga,2003,14
ukpga,2003,15
ukpga,2003,16
ukpga,2003,17
ukpga,2003,18
ukpga,2003,19
ukpga,2003,1
ukpga,2003,20
ukpga,2003,21
ukpga,2003,22
ukpga,2003,23
ukpga,2003,24
ukpga,2003,25
ukpga,2003,26
ukpga,2003,27
ukpga,2003,28
ukpga,2003,29
ukpga,2003,2
ukpga,2003,30
ukpga,2003,31
ukpga,2003,32
ukpga,2003,33
ukpga,2003,34
ukpga,2003,35
ukpga,2003,36
ukpga,2003,37
ukpga,2003,38
ukpga,2003,39
ukpga,2003,3
ukpga,2003,40
ukpga,2003,41
ukpga,2003,42
ukpga,2003,43
ukpga,2003,44
ukpga,2003,45
ukpga,2003,4
ukpga,2003,5
ukpga,2003,6
ukpga,2003,7
ukpga,2003,8
ukpga,2003,9
ukpga,2004,10
ukpga,2004,11
ukpga,2004,12
ukpga,2004,13
ukpga,2004,14
ukpga,2004,15
ukpga,2004,16
ukpga,2004,17
ukpga,2004,18
ukpga,2004,19
ukpga,2004,1
ukpga,2004,20
ukpga,2004,21
ukpga,2004,22
ukpga,2004,23
ukpga,2004,24
ukpga,2004,25
ukpga,2004,26
ukpga,2004,27
ukpga,2004,28
ukpga,2004,29
ukpga,2004,2
ukpga,2004,30
ukpga,2004,31
ukpga,2004,32
ukpga,2004,33
ukpga,2004,34
ukpga,2004,35
ukpga,2004,36
ukpga,2004,37
ukpga,2004,38
ukpga,2004,3
ukpga,2004,4
ukpga,2004,5
ukpga,2004,6
ukpga,2004,7
ukpga,2004,8
ukpga,2004,9
ukpga,2005,10
ukpga,2005,11
ukpga,2005,12
ukpga,2005,13
ukpga,2005,14
ukpga,2005,15
ukpga,2005,16
ukpga,2005,17
ukpga,2005,18
ukpga,2005,19
ukpga,2005,1
ukpga,2005,20
ukpga,2005,21
ukpga,2005,22
ukpga,2005,23
ukpga,2005,24
ukpga,2005,2
ukpga,2005,3
ukpga,2005,4
ukpga,2005,5
ukpga,2005,6
ukpga,2005,7
ukpga,2005,8
ukpga,2005,9
ukpga,2006,10
ukpga,2006,11
ukpga,2006,12
ukpga,2006,13
ukpga,2006,14
ukpga,2006,15
ukpga,2006,16
ukpga,2006,17
ukpga,2006,18
ukpga,2006,19
ukpga,2006,1
ukpga,2006,20
ukpga,2006,21
ukpga,2006,22
ukpga,2006,23
ukpga,2006,24
ukpga,2006,25
ukpga,2006,26
ukpga,2006,27
ukpga,2006,28
ukpga,2006,29
ukpga,2006,2
ukpga,2006,30
ukpga,2006,31
ukpga,2006,32
ukpga,2006,33
ukpga,2006,34
ukpga,2006,35
ukpga,2006,36
ukpga,2006,37
ukpga,2006,38
ukpga,2006,39
ukpga,2006,3
ukpga,2006,40
ukpga,2006,41
ukpga,2006,42
ukpga,2006,43
ukpga,2006,44
ukpga,2006,45
ukpga,2006,46
ukpga,2006,47
ukpga,2006,48
ukpga,2006,49
ukpga,2006,4
ukpga,2006,50
ukpga,2006,51
ukpga,2006,52
ukpga,2006,53
ukpga,2006,54
ukpga,2006,55
ukpga,2006,5
ukpga,2006,6
ukpga,2006,7
ukpga,2006,8
ukpga,2006,9
ukpga,2007,10
ukpga,2007,11
ukpga,2007,12
ukpga,2007,13
ukpga,2007,14
ukpga,2007,15
ukpga,2007,16
ukpga,2007,17
ukpga,2007,18
ukpga,2007,19
ukpga,2007,1
ukpga,2007,20
ukpga,2007,21
ukpga,2007,22
ukpga,2007,23
ukpga,2007,24
ukpga,2007,25
ukpga,2007,26
ukpga,2007,27
ukpga,2007,28
ukpga,2007,29
ukpga,2007,2
ukpga,2007,30
ukpga,2007,31
ukpga,2007,3
ukpga,2007,4
ukpga,2007,5
ukpga,2007,6
ukpga,2007,7
ukpga,2007,8
ukpga,2007,9
ukpga,2008,10
ukpga,2008,11
ukpga,2008,12
ukpga,2008,13
ukpga,2008,14
ukpga,2008,15
ukpga,2008,16
ukpga,2008,17
ukpga,2008,18
ukpga,2008,19
ukpga,2008,1
ukpga,2008,20
ukpga,2008,21
ukpga,2008,22
ukpga,2008,23
ukpga,2008,24
ukpga,2008,25
ukpga,2008,26
ukpga,2008,27
ukpga,2008,28
ukpga,2008,29
ukpga,2008,2
ukpga,2008,30
ukpga,2008,31
ukpga,2008,32
ukpga,2008,33
ukpga,2008,3
ukpga,2008,4
ukpga,2008,5
ukpga,2008,6
ukpga,2008,7
ukpga,2008,8
ukpga,2008,9
ukpga,2009,10
ukpga,2009,11
ukpga,2009,12
ukpga,2009,13
ukpga,2009,14
ukpga,2009,15
ukpga,2009,16
ukpga,2009,17
ukpga,2009,18
ukpga,2009,19
ukpga,2009,1
ukpga,2009,20
ukpga,2009,21
ukpga,2009,22
ukpga,2009,23
ukpga,2009,24
ukpga,2009,25
ukpga,2009,26
ukpga,2009,27
ukpga,2009,2
ukpga,2009,3
ukpga,2009,4
ukpga,2009,5
ukpga,2009,6
ukpga,2009,7
ukpga,2009,8
ukpga,2009,9
ukpga,2010,10
ukpga,2010,11
ukpga,2010,12
ukpga,2010,13
ukpga,2010,14
ukpga,2010,15
ukpga,2010,16
ukpga,2010,17
ukpga,2010,18
ukpga,2010,19
ukpga,2010,1
ukpga,2010,20
ukpga,2010,21
ukpga,2010,22
ukpga,2010,23
ukpga,2010,24
ukpga,2010,25
ukpga,2010,26
ukpga,2010,27
ukpga,2010,28
ukpga,2010,29
ukpga,2010,2
ukpga,2010,30
ukpga,2010,31
ukpga,2010,32
ukpga,2010,33
ukpga,2010,34
ukpga,2010,35
ukpga,2010,36
ukpga,2010,37
ukpga,2010,38
ukpga,2010,39
ukpga,2010,3
ukpga,2010,40
ukpga,2010,41
ukpga,2010,4
ukpga,2010,5
ukpga,2010,6
ukpga,2010,7
ukpga,2010,8
ukpga,2010,9
ukpga,2011,10
ukpga,2011,11
ukpga,2011,12
ukpga,2011,13
ukpga,2011,14
ukpga,2011,15
ukpga,2011,16
ukpga,2011,17
ukpga,2011,18
ukpga,2011,19
ukpga,2011,1
ukpga,2011,20
ukpga,2011,21
ukpga,2011,22
ukpga,2011,23
ukpga,2011,24
ukpga,2011,25
ukpga,2011,2
ukpga,2011,3
ukpga,2011,4
ukpga,2011,5
ukpga,2011,6
ukpga,2011,7
ukpga,2011,8
ukpga,2011,9
ukpga,2012,10
ukpga,2012,11
ukpga,2012,12
ukpga,2012,13
ukpga,2012,14
ukpga,2012,15
ukpga,2012,16
ukpga,2012,17
ukpga,2012,18
ukpga,2012,19
ukpga,2012,1
ukpga,2012,20
ukpga,2012,21
ukpga,2012,22
ukpga,2012,23
ukpga,2012,2
ukpga,2012,3
ukpga,2012,4
ukpga,2012,5
ukpga,2012,6
ukpga,2012,7
ukpga,2012,8
ukpga,2012,9
ukpga,2013,10
ukpga,2013,11
ukpga,2013,12
ukpga,2013,13
ukpga,2013,14
ukpga,2013,15
ukpga,2013,16
ukpga,2013,17
ukpga,2013,18
ukpga,2013,19
ukpga,2013,1
ukpga,2013,20
ukpga,2013,21
ukpga,2013,22
ukpga,2013,23
ukpga,2013,24
ukpga,2013,25
ukpga,2013,26
ukpga,2013,27
ukpga,2013,28
ukpga,2013,29
ukpga,2013,2
ukpga,2013,30
ukpga,2013,31
ukpga,2013,32
ukpga,2013,33
ukpga,2013,3
ukpga,2013,4
ukpga,2013,5
ukpga,2013,6
ukpga,2013,7
ukpga,2013,8
ukpga,2013,9
ukpga,2014,10
ukpga,2014,11
ukpga,2014,12
ukpga,2014,13
ukpga,2014,14
ukpga,2014,15
ukpga,2014,16
ukpga,2014,17
ukpga,2014,18
ukpga,2014,19
ukpga,2014,1
ukpga,2014,20
ukpga,2014,21
ukpga,2014,22
ukpga,2014,23
ukpga,2014,24
ukpga,2014,25
ukpga,2014,26
ukpga,2014,27
ukpga,2014,28
ukpga,2014,29
ukpga,2014,2
ukpga,2014,30
ukpga,2014,3
ukpga,2014,4
ukpga,2014,5
ukpga,2014,6
ukpga,2014,7
ukpga,2014,8
ukpga,2014,9
ukpga,2015,10
ukpga,2015,11
ukpga,2015,12
ukpga,2015,13
ukpga,2015,14
ukpga,2015,15
ukpga,2015,16
ukpga,2015,17
ukpga,2015,18
ukpga,2015,19
ukpga,2015,1
ukpga,2015,20
ukpga,2015,21
ukpga,2015,22
ukpga,2015,23
ukpga,2015,24
ukpga,2015,25
ukpga,2015,26
ukpga,2015,27
ukpga,2015,28
ukpga,2015,29
ukpga,2015,2
ukpga,2015,30
ukpga,2015,31
ukpga,2015,32
ukpga,2015,33
ukpga,2015,34
ukpga,2015,35
ukpga,2015,36
ukpga,2015,37
ukpga,2015,3
ukpga,2015,4
ukpga,2015,5
ukpga,2015,6
ukpga,2015,7
ukpga,2015,8
ukpga,2015,9
ukpga,2016,10
ukpga,2016,11
ukpga,2016,12
ukpga,2016,13
ukpga,2016,14
ukpga,2016,15
ukpga,2016,16
ukpga,2016,17
ukpga,2016,18
ukpga,2016,19
ukpga,2016,1
ukpga,2016,20
ukpga,2016,21
ukpga,2016,22
ukpga,2016,23
ukpga,2016,24
ukpga,2016,25
ukpga,2016,2
ukpga,2016,3
ukpga,2016,4
ukpga,2016,5
ukpga,2016,6
ukpga,2016,7
ukpga,2016,8
ukpga,2016,9
ukpga,2017,10
ukpga,2017,11
ukpga,2017,12
ukpga,2017,13
ukpga,2017,14
ukpga,2017,15
ukpga,2017,16
ukpga,2017,17
ukpga,2017,18
ukpga,2017,19
ukpga,2017,1
ukpga,2017,20
ukpga,2017,21
ukpga,2017,22
ukpga,2017,23
ukpga,2017,24
ukpga,2017,25
ukpga,2017,26
ukpga,2017,27
ukpga,2017,28
ukpga,2017,29
ukpga,2017,2
ukpga,2017,30
ukpga,2017,31
ukpga,2017,32
ukpga,2017,33
ukpga,2017,34
ukpga,2017,35
ukpga,2017,3
ukpga,2017,4
ukpga,2017,5
ukpga,2017,6
ukpga,2017,7
ukpga,2017,8
ukpga,2017,9
ukpga,2018,10
ukpga,2018,11
ukpga,2018,12
ukpga,2018,13
ukpga,2018,14
ukpga,2018,15
ukpga,2018,16
ukpga,2018,17
ukpga,2018,18
ukpga,2018,19
ukpga,2018,1
ukpga,2018,20
ukpga,2018,21
ukpga,2018,22
ukpga,2018,23
ukpga,2018,24
ukpga,2018,25
ukpga,2018,26
ukpga,2018,27
ukpga,2018,28
ukpga,2018,29
ukpga,2018,2
ukpga,2018,30
ukpga,2018,31
ukpga,2018,32
ukpga,2018,33
ukpga,2018,34
ukpga,2018,3
ukpga,2018,4
ukpga,2018,5
ukpga,2018,6
ukpga,2018,7
ukpga,2018,8
ukpga,2018,9
ukpga,2019,10
ukpga,2019,11
ukpga,2019,12
ukpga,2019,13
ukpga,2019,14
ukpga,2019,15
ukpga,2019,16
ukpga,2019,17
ukpga,2019,18
ukpga,2019,19
ukpga,2019,1
ukpga,2019,20
ukpga,2019,21
ukpga,2019,22
ukpga,2019,23
ukpga,2019,24
ukpga,2019,25
ukpga,2019,26
ukpga,2019,27
ukpga,2019,28
ukpga,2019,29
ukpga,2019,2
ukpga,2019,30
ukpga,2019,31
ukpga,2019,3
ukpga,2019,4
ukpga,2019,5
ukpga,2019,6
ukpga,2019,7
ukpga,2019,8
ukpga,2019,9
ukpga,2020,10
ukpga,2020,11
ukpga,2020,12
ukpga,2020,13
ukpga,2020,14
ukpga,2020,15
ukpga,2020,16
ukpga,2020,17
ukpga,2020,18
ukpga,2020,19
ukpga,2020,1
ukpga,2020,20
ukpga,2020,21
ukpga,2020,22
ukpga,2020,23
ukpga,2020,24
ukpga,2020,25
ukpga,2020,26
ukpga,2020,27
ukpga,2020,28
ukpga,2020,29
ukpga,2020,2
ukpga,2020,3
ukpga,2020,4
ukpga,2020,5
ukpga,2020,6
ukpga,2020,7
ukpga,2020,8
ukpga,2020,9
ukpga,2021,10
ukpga,2021,11
ukpga,2021,12
ukpga,2021,13
ukpga,2021,14
ukpga,2021,15
ukpga,2021,16
ukpga,2021,17
ukpga,2021,18
ukpga,2021,19
ukpga,2021,1
ukpga,2021,20
ukpga,2021,21
ukpga,2021,22
ukpga,2021,23
ukpga,2021,24
ukpga,2021,25
ukpga,2021,26
ukpga,2021,27
ukpga,2021,28
ukpga,2021,29
ukpga,2021,2
ukpga,2021,30
ukpga,2021,31
ukpga,2021,32
ukpga,2021,33
ukpga,2021,34
ukpga,2021,35
ukpga,2021,3
ukpga,2021,4
ukpga,2021,5
ukpga,2021,6
ukpga,2021,7
ukpga,2021,8
ukpga,2021,9
ukpga,2022,1
ukpga,2022,2
